id,code,short_name,full_name,list_status_id,list_status,issuer,company_code,exchange_code,exchange,currency_id,coupon_type_id,coupon_type,coupon_frequency,payment_type_id,payment_type,par,repayment_period,bond_type_id,bond_type,bond_form_id,bond_form,list_date,delist_Date,interest_begin_date,maturity_date,interest_date,last_cash_date,cash_comment,maturity
17902,0801072,08央行票据72,2008年第七十二期中央银行票据,301006,终止上市,中国人民银行,,705007,银行间债券市场,人民币,701005,贴现,,,,100.0,3,703019,央行票据,704001,记账式,2008-06-20,2008-09-16,2008-06-20,2008-09-19,,2008-09-19,,91 days
17904,0801075,08央行票据75,2008年第七十五期中央银行票据,301006,终止上市,中国人民银行,,705007,银行间债券市场,人民币,701005,贴现,,,,100.0,3,703019,央行票据,704001,记账式,2008-06-27,2008-09-23,2008-06-27,2008-09-26,,2008-09-26,,91 days
17915,0801079,08央行票据79,2008年第七十九期中央银行票据,301006,终止上市,中国人民银行,,705007,银行间债券市场,人民币,701005,贴现,,,,100.0,3,703019,央行票据,704001,记账式,2008-07-11,2008-10-07,2008-07-11,2008-10-10,,2008-10-10,,91 days
17924,0801077,08央行票据77,2008年第七十七期中央银行票据,301006,终止上市,中国人民银行,,705007,银行间债券市场,人民币,701005,贴现,,,,100.0,3,703019,央行票据,704001,记账式,2008-07-04,2008-09-26,2008-07-04,2008-10-03,,2008-10-03,,91 days
17957,0801082,08央行票据82,2008年第八十二期中央银行票据,301006,终止上市,中国人民银行,,705007,银行间债券市场,人民币,701005,贴现,,,,100.0,3,703019,央行票据,704001,记账式,2008-07-18,2008-10-14,2008-07-18,2008-10-17,,2008-10-17,,91 days
17976,0801085,08央行票据85,2008年第八十五期中央银行票据,301006,终止上市,中国人民银行,,705007,银行间债券市场,人民币,701005,贴现,,,,100.0,3,703019,央行票据,704001,记账式,2008-07-25,2008-10-21,2008-07-25,2008-10-24,,2008-10-24,,91 days
18025,0801088,08央行票据88,2008年第八十八期中央银行票据,301006,终止上市,中国人民银行,,705007,银行间债券市场,人民币,701005,贴现,,,,100.0,3,703019,央行票据,704001,记账式,2008-08-01,2008-10-28,2008-08-01,2008-10-31,,2008-10-31,,91 days
18033,0801090,08央行票据90,2008年第九十期中央银行票据,301006,终止上市,中国人民银行,,705007,银行间债券市场,人民币,701005,贴现,,,,100.0,3,703019,央行票据,704001,记账式,2008-08-08,2008-11-04,2008-08-08,2008-11-07,,2008-11-07,,91 days
18048,0801093,08央行票据93,2008年第九十三期中央银行票据,301006,终止上市,中国人民银行,,705007,银行间债券市场,人民币,701005,贴现,,,,100.0,3,703019,央行票据,704001,记账式,2008-08-15,2008-11-11,2008-08-15,2008-11-14,,2008-11-14,,91 days
18075,0801096,08央行票据96,2008年第九十六期中央银行票据,301006,终止上市,中国人民银行,,705007,银行间债券市场,人民币,701005,贴现,,,,100.0,3,703019,央行票据,704001,记账式,2008-08-22,2008-11-18,2008-08-22,2008-11-21,,2008-11-21,,91 days
18098,0801099,08央行票据99,2008年第九十九期中央银行票据,301006,终止上市,中国人民银行,,705007,银行间债券市场,人民币,701005,贴现,,,,100.0,3,703019,央行票据,704001,记账式,2008-08-29,2008-11-25,2008-08-29,2008-11-28,,2008-11-28,,91 days
18115,0801102,08央票102,2008年第一百零二期中央银行票据,301006,终止上市,中国人民银行,,705007,银行间债券市场,人民币,701005,贴现,,,,100.0,3,703019,央行票据,704001,记账式,2008-09-05,2008-12-02,2008-09-05,2008-12-05,,2008-12-05,,91 days
18132,0801105,08央票105,2008年第一百零五期中央银行票据,301006,终止上市,中国人民银行,,705007,银行间债券市场,人民币,701005,贴现,,,,100.0,3,703019,央行票据,704001,记账式,2008-09-12,2008-12-09,2008-09-12,2008-12-12,,2008-12-12,,91 days
18148,0801107,08央票107,2008年第一百零七期中央银行票据,301006,终止上市,中国人民银行,,705007,银行间债券市场,人民币,701005,贴现,,,,100.0,3,703019,央行票据,704001,记账式,2008-09-19,2008-12-16,2008-09-19,2008-12-19,,2008-12-19,,91 days
18162,0801109,08央票109,2008年第一百零九期中央银行票据,301006,终止上市,中国人民银行,,705007,银行间债券市场,人民币,701005,贴现,,,,100.0,3,703019,央行票据,704001,记账式,2008-09-26,2008-12-23,2008-09-26,2008-12-26,,2008-12-26,,91 days
18190,0801111,08央票111,2008年第一百一十一期中央银行票据,301006,终止上市,中国人民银行,,705007,银行间债券市场,人民币,701005,贴现,,,,100.0,3,703019,央行票据,704001,记账式,2008-10-10,2009-01-06,2008-10-10,2009-01-09,,2009-01-09,,91 days
18209,0801113,08央票113,2008年第一百一十三期中央银行票据,301006,终止上市,中国人民银行,,705007,银行间债券市场,人民币,701005,贴现,,,,100.0,3,703019,央行票据,704001,记账式,2008-10-17,2009-01-13,2008-10-17,2009-01-16,,2009-01-16,,91 days
18227,0801115,08央票115,2008年第一百一十五期中央银行票据,301006,终止上市,中国人民银行,,705007,银行间债券市场,人民币,701005,贴现,,,,100.0,3,703019,央行票据,704001,记账式,2008-10-24,2009-01-20,2008-10-24,2009-01-23,,2009-01-23,,91 days
18237,0801116,08央票116,2008年第一百一十六期中央银行票据,301006,终止上市,中国人民银行,,705007,银行间债券市场,人民币,701005,贴现,,,,100.0,3,703019,央行票据,704001,记账式,2008-10-31,2009-01-22,2008-10-31,2009-01-30,,2009-01-30,,91 days
18258,0801118,08央票118,2008年第一百一十八期中央银行票据,301006,终止上市,中国人民银行,,705007,银行间债券市场,人民币,701005,贴现,,,,100.0,3,703019,央行票据,704001,记账式,2008-11-14,2009-02-10,2008-11-14,2009-02-13,,2009-02-13,,91 days
18282,0801120,08央票120,2008年第一百二十期中央银行票据,301006,终止上市,中国人民银行,,705007,银行间债券市场,人民币,701005,贴现,,,,100.0,3,703019,央行票据,704001,记账式,2008-11-28,2009-02-24,2008-11-28,2009-02-27,,2009-02-27,,91 days
18341,0801121,08央票121,2008年第一百二十一期中央银行票据,301006,终止上市,中国人民银行,,705007,银行间债券市场,人民币,701005,贴现,,,,100.0,3,703019,央行票据,704001,记账式,2008-12-12,2009-03-10,2008-12-12,2009-03-13,,2009-03-13,,91 days
18378,0801122,08央票122,2008年第一百二十二期中央银行票据,301006,终止上市,中国人民银行,,705007,银行间债券市场,人民币,701005,贴现,,,,100.0,3,703019,央行票据,704001,记账式,2008-12-26,2009-03-24,2008-12-26,2009-03-27,,2009-03-27,,91 days
18394,0901001,09央行票据01,2009年第一期中央银行票据,301006,终止上市,中国人民银行,,705007,银行间债券市场,人民币,701005,贴现,,,,100.0,3,703019,央行票据,704001,记账式,2009-01-09,2009-04-07,2009-01-09,2009-04-10,,2009-04-10,,91 days
18412,0901002,09央行票据02,2009年第二期中央银行票据,301006,终止上市,中国人民银行,,705007,银行间债券市场,人民币,701005,贴现,,,,100.0,3,703019,央行票据,704001,记账式,2009-01-23,2009-04-21,2009-01-23,2009-04-24,,2009-04-24,,91 days
18419,0901003,09央行票据03,2009年第三期中央银行票据,301006,终止上市,中国人民银行,,705007,银行间债券市场,人民币,701005,贴现,,,,100.0,3,703019,央行票据,704001,记账式,2009-02-06,2009-05-05,2009-02-06,2009-05-08,,2009-05-08,,91 days
18430,0901004,09央行票据04,2009年第四期中央银行票据,301006,终止上市,中国人民银行,,705007,银行间债券市场,人民币,701005,贴现,,,,100.0,3,703019,央行票据,704001,记账式,2009-02-13,2009-05-12,2009-02-13,2009-05-15,,2009-05-15,,91 days
18438,0901005,09央行票据05,2009年中国人民银行第五期中央银行票据,301006,终止上市,中国人民银行,,705007,银行间债券市场,人民币,701005,贴现,,,,100.0,3,703019,央行票据,704001,记账式,2009-02-20,2009-05-19,2009-02-20,2009-05-22,,2009-05-22,,91 days
18452,0901006,09央行票据06,2009年第六期中央银行票据,301006,终止上市,中国人民银行,,705007,银行间债券市场,人民币,701005,贴现,,,,100.0,3,703019,央行票据,704001,记账式,2009-02-27,2009-05-26,2009-02-27,2009-05-29,,2009-05-29,,91 days
18475,0901007,09央行票据07,2009年第七期中央银行票据,301006,终止上市,中国人民银行,,705007,银行间债券市场,人民币,701005,贴现,,,,100.0,3,703019,央行票据,704001,记账式,2009-03-06,2009-06-02,2009-03-06,2009-06-05,,2009-06-05,,91 days
18484,0901008,09央行票据08,2009年第八期中央银行票据,301006,终止上市,中国人民银行,,705007,银行间债券市场,人民币,701005,贴现,,,,100.0,3,703019,央行票据,704001,记账式,2009-03-13,2009-06-09,2009-03-13,2009-06-12,,2009-06-12,,91 days
18498,0901009,09央行票据09,2009年第九期中央银行票据,301006,终止上市,中国人民银行,,705007,银行间债券市场,人民币,701005,贴现,,,,100.0,3,703019,央行票据,704001,记账式,2009-03-20,2009-06-16,2009-03-20,2009-06-19,,2009-06-19,,91 days
18639,0901014,09央行票据14,2009年第十四期中央银行票据,301006,终止上市,中国人民银行,,705007,银行间债券市场,人民币,701005,贴现,,,,100.0,3,703019,央行票据,704001,记账式,2009-04-24,2009-07-21,2009-04-24,2009-07-24,,2009-07-24,,91 days
18687,0901016,09央行票据16,2009年第十六期中央银行票据,301006,终止上市,中国人民银行,,705007,银行间债券市场,人民币,701005,贴现,,,,100.0,3,703019,央行票据,704001,记账式,2009-05-08,2009-08-04,2009-05-08,2009-08-07,,2009-08-07,,91 days
18725,0901017,09央行票据17,2009年第十七期中央银行票据,301006,终止上市,中国人民银行,,705007,银行间债券市场,人民币,701005,贴现,,,,100.0,3,703019,央行票据,704001,记账式,2009-05-15,2009-08-11,2009-05-15,2009-08-14,,2009-08-14,,91 days
18752,0901018,09央行票据18,2009年第十八期中央银行票据,301006,终止上市,中国人民银行,,705007,银行间债券市场,人民币,701005,贴现,,,,100.0,3,703019,央行票据,704001,记账式,2009-05-22,2009-08-18,2009-05-22,2009-08-21,,2009-08-21,,91 days
18811,0901019,09央行票据19,2009年第十九期中央银行票据,301006,终止上市,中国人民银行,,705007,银行间债券市场,人民币,701005,贴现,,,,100.0,3,703019,央行票据,704001,记账式,2009-06-05,2009-09-01,2009-06-05,2009-09-04,,2009-09-04,,91 days
18851,0901020,09央行票据20,2009年第二十期中央银行票据,301006,终止上市,中国人民银行,,705007,银行间债券市场,人民币,701005,贴现,,,,100.0,3,703019,央行票据,704001,记账式,2009-06-12,2009-09-08,2009-06-12,2009-09-11,,2009-09-11,,91 days
18869,0901021,09央行票据21,2009年第二十一期中央银行票据,301006,终止上市,中国人民银行,,705007,银行间债券市场,人民币,701005,贴现,,,,100.0,3,703019,央行票据,704001,记账式,2009-06-19,2009-09-15,2009-06-19,2009-09-18,,2009-09-18,,91 days
18903,0901022,09央行票据22,2009年第二十二期中央银行票据,301006,终止上市,中国人民银行,,705007,银行间债券市场,人民币,701005,贴现,,,,100.0,3,703019,央行票据,704001,记账式,2009-06-26,2009-09-22,2009-06-26,2009-09-25,,2009-09-25,,91 days
18927,0901023,09央行票据23,2009年第二十三期中央银行票据,301006,终止上市,中国人民银行,,705007,银行间债券市场,人民币,701005,贴现,,,,100.0,2,703019,央行票据,704001,记账式,2009-07-03,2009-09-27,2009-07-03,2009-09-30,,2009-09-30,,89 days
27782,0401005,04央行票据5,2004年第五期央行票据,301006,终止上市,中国人民银行,,705007,银行间债券市场,人民币,701005,贴现,,,,100.0,3,703019,央行票据,704001,记账式,2004-01-29,2004-04-11,2004-01-21,2004-04-21,,2004-04-21,,91 days
27783,030102,03央行票据02,2003年第二期央行票据,301006,终止上市,中国人民银行,,705007,银行间债券市场,人民币,701005,贴现,,,,100.0,3,703019,央行票据,704001,记账式,2003-05-06,2003-07-20,2003-04-30,2003-07-30,,2003-07-30,,91 days
27784,030103,03央行票据03,2003年第三期央行票据,301006,终止上市,中国人民银行,,705007,银行间债券市场,人民币,701005,贴现,,,,100.0,3,703019,央行票据,704001,记账式,2003-05-08,2003-07-28,2003-05-07,2003-08-07,,2003-08-07,,92 days
27786,030104,03央行票据04,2003年第四期央行票据,301006,终止上市,中国人民银行,,705007,银行间债券市场,人民币,701005,贴现,,,,100.0,3,703019,央行票据,704001,记账式,2003-05-15,2003-08-04,2003-05-14,2003-08-14,,2003-08-14,,92 days
27788,030108,03央行票据08,2003年第八期央行票据,301006,终止上市,中国人民银行,,705007,银行间债券市场,人民币,701005,贴现,,,,100.0,3,703019,央行票据,704001,记账式,2003-05-29,2003-08-18,2003-05-28,2003-08-28,,2003-08-28,,92 days
27789,030106,03央行票据06,2003年第六期央行票据,301006,终止上市,中国人民银行,,705007,银行间债券市场,人民币,701005,贴现,,,,100.0,3,703019,央行票据,704001,记账式,2003-05-22,2003-08-11,2003-05-21,2003-08-21,,2003-08-21,,92 days
27791,030110,03央行票据10,2003年第十期央行票据,301006,终止上市,中国人民银行,,705007,银行间债券市场,人民币,701005,贴现,,,,100.0,3,703019,央行票据,704001,记账式,2003-06-05,2003-08-25,2003-06-04,2003-09-04,,2003-09-04,,92 days
27793,030112,03央行票据12,2003年第十二期央行票据,301006,终止上市,中国人民银行,,705007,银行间债券市场,人民币,701005,贴现,,,,100.0,3,703019,央行票据,704001,记账式,2003-06-12,2003-09-01,2003-06-11,2003-09-11,,2003-09-11,,92 days
27795,030114,03央行票据14,2003年第十四期央行票据,301006,终止上市,中国人民银行,,705007,银行间债券市场,人民币,701005,贴现,,,,100.0,3,703019,央行票据,704001,记账式,2003-06-19,2003-09-08,2003-06-18,2003-09-18,,2003-09-18,,92 days
27797,030116,03央行票据16,2003年第十六期央行票据,301006,终止上市,中国人民银行,,705007,银行间债券市场,人民币,701005,贴现,,,,100.0,3,703019,央行票据,704001,记账式,2003-06-26,2003-09-15,2003-06-25,2003-09-25,,2003-09-25,,92 days
27799,030118,03央行票据18,2003年第十八期央行票据,301006,终止上市,中国人民银行,,705007,银行间债券市场,人民币,701005,贴现,,,,100.0,2,703019,央行票据,704001,记账式,2003-07-03,2003-09-20,2003-07-02,2003-09-30,,2003-09-30,,90 days
27801,030120,03央行票据20,2003年第二十期央行票据,301006,终止上市,中国人民银行,,705007,银行间债券市场,人民币,701005,贴现,,,,100.0,3,703019,央行票据,704001,记账式,2003-07-10,2003-09-29,2003-07-09,2003-10-09,,2003-10-09,,92 days
27802,030121,03央行票据21,2003年第二十一期央行票据,301006,终止上市,中国人民银行,,705007,银行间债券市场,人民币,701005,贴现,,,,100.0,3,703019,央行票据,704001,记账式,2003-07-17,2003-10-06,2003-07-16,2003-10-16,,2003-10-16,,92 days
27803,030123,03央行票据23,2003年第二十三期央行票据,301006,终止上市,中国人民银行,,705007,银行间债券市场,人民币,701005,贴现,,,,100.0,3,703019,央行票据,704001,记账式,2003-07-24,2003-10-13,2003-07-23,2003-10-23,,2003-10-23,,92 days
27805,030125,03央行票据25,2003年第二十五期央行票据,301006,终止上市,中国人民银行,,705007,银行间债券市场,人民币,701005,贴现,,,,100.0,3,703019,央行票据,704001,记账式,2003-07-31,2003-10-20,2003-07-30,2003-10-30,,2003-10-30,,92 days
27807,030127,03央行票据27,2003年第二十七期央行票据,301006,终止上市,中国人民银行,,705007,银行间债券市场,人民币,701005,贴现,,,,100.0,3,703019,央行票据,704001,记账式,2003-08-07,2003-10-27,2003-08-06,2003-11-06,,2003-11-06,,92 days
27809,030129,03央行票据29,2003年第二十九期央行票据,301006,终止上市,中国人民银行,,705007,银行间债券市场,人民币,701005,贴现,,,,100.0,3,703019,央行票据,704001,记账式,2003-08-14,2003-11-03,2003-08-13,2003-11-13,,2003-11-13,,92 days
27812,030132,03央行票据32,2003年第三十二期央行票据,301006,终止上市,中国人民银行,,705007,银行间债券市场,人民币,701005,贴现,,,,100.0,3,703019,央行票据,704001,记账式,2003-08-21,2003-11-10,2003-08-20,2003-11-20,,2003-11-20,,92 days
27815,030135,03央行票据35,2003年第三十五期央行票据,301006,终止上市,中国人民银行,,705007,银行间债券市场,人民币,701005,贴现,,,,100.0,3,703019,央行票据,704001,记账式,2003-08-28,2003-11-17,2003-08-27,2003-11-27,,2003-11-27,,92 days
27816,030136,03央行票据36,2003年第三十六期央行票据,301006,终止上市,中国人民银行,,705007,银行间债券市场,人民币,701005,贴现,,,,100.0,3,703019,央行票据,704001,记账式,2003-09-04,2003-11-23,2003-09-03,2003-12-03,,2003-12-03,,91 days
27817,030137,03央行票据37,2003年第三十七期央行票据,301006,终止上市,中国人民银行,,705007,银行间债券市场,人民币,701005,贴现,,,,100.0,3,703019,央行票据,704001,记账式,2003-09-11,2003-11-30,2003-09-10,2003-12-10,,2003-12-10,,91 days
27819,030139,03央行票据39,2003年第三十九期央行票据,301006,终止上市,中国人民银行,,705007,银行间债券市场,人民币,701005,贴现,,,,100.0,3,703019,央行票据,704001,记账式,2003-09-18,2003-12-07,2003-09-17,2003-12-17,,2003-12-17,,91 days
27821,030141,03央行票据41,2003年第四十一期央行票据,301006,终止上市,中国人民银行,,705007,银行间债券市场,人民币,701005,贴现,,,,100.0,3,703019,央行票据,704001,记账式,2003-09-25,2003-12-14,2003-09-24,2003-12-24,,2003-12-24,,91 days
27823,030143,03央行票据43,2003年第四十三期央行票据,301006,终止上市,中国人民银行,,705007,银行间债券市场,人民币,701005,贴现,,,,100.0,3,703019,央行票据,704001,记账式,2003-10-16,2004-01-05,2003-10-15,2004-01-15,,2004-01-15,,92 days
27825,030145,03央行票据45,2003年第四十五期央行票据,301006,终止上市,中国人民银行,,705007,银行间债券市场,人民币,701005,贴现,,,,100.0,3,703019,央行票据,704001,记账式,2003-10-23,2004-01-11,2003-10-22,2004-01-21,,2004-01-21,,91 days
27827,030147,03央行票据47,2003年第四十七期央行票据,301006,终止上市,中国人民银行,,705007,银行间债券市场,人民币,701005,贴现,,,,100.0,3,703019,央行票据,704001,记账式,2003-10-30,2004-01-19,2003-10-29,2004-01-29,,2004-01-29,,92 days
27862,030151,03央行票据51,2003年第五十一期央行票据,301006,终止上市,中国人民银行,,705007,银行间债券市场,人民币,701005,贴现,,,,100.0,3,703019,央行票据,704001,记账式,2003-11-20,2004-02-09,2003-11-19,2004-02-19,,2004-02-19,,92 days
27864,030149,03央行票据49,2003年第四十九期央行票据,301006,终止上市,中国人民银行,,705007,银行间债券市场,人民币,701005,贴现,,,,100.0,3,703019,央行票据,704001,记账式,2003-11-13,2004-02-02,2003-11-12,2004-02-12,,2004-02-12,,92 days
27866,030153,03央行票据53,2003年第五十三期央行票据,301006,终止上市,中国人民银行,,705007,银行间债券市场,人民币,701005,贴现,,,,100.0,3,703019,央行票据,704001,记账式,2003-11-27,2004-02-16,2003-11-26,2004-02-26,,2004-02-26,,92 days
27868,030155,03央行票据55,2003年第五十五期央行票据,301006,终止上市,中国人民银行,,705007,银行间债券市场,人民币,701005,贴现,,,,100.0,3,703019,央行票据,704001,记账式,2003-12-04,2004-02-22,2003-12-03,2004-03-03,,2004-03-03,,91 days
27870,030157,03央行票据57,2003年第五十七期央行票据,301006,终止上市,中国人民银行,,705007,银行间债券市场,人民币,701005,贴现,,,,100.0,3,703019,央行票据,704001,记账式,2003-12-11,2004-02-29,2003-12-10,2004-03-10,,2004-03-10,,91 days
27872,030159,03央行票据59,2003年第五十九期央行票据,301006,终止上市,中国人民银行,,705007,银行间债券市场,人民币,701005,贴现,,,,100.0,3,703019,央行票据,704001,记账式,2003-12-18,2004-03-07,2003-12-17,2004-03-17,,2004-03-17,,91 days
27874,030161,03央行票据61,2003年第六十一期央行票据,301006,终止上市,中国人民银行,,705007,银行间债券市场,人民币,701005,贴现,,,,100.0,3,703019,央行票据,704001,记账式,2003-12-25,2004-03-14,2003-12-24,2004-03-24,,2004-03-24,,91 days
27876,030163,03央行票据63,2003年第六十三期央行票据,301006,终止上市,中国人民银行,,705007,银行间债券市场,人民币,701005,贴现,,,,100.0,3,703019,央行票据,704001,记账式,2004-01-02,2004-03-21,2003-12-31,2004-03-31,,2004-03-31,,91 days
27877,0401001,04央行票据1,2004年第一期央行票据,301006,终止上市,中国人民银行,,705007,银行间债券市场,人民币,701005,贴现,,,,100.0,3,703019,央行票据,704001,记账式,2004-01-08,2004-03-28,2004-01-07,2004-04-07,,2004-04-07,,91 days
27879,0401003,04央行票据3,2004年第三期央行票据,301006,终止上市,中国人民银行,,705007,银行间债券市场,人民币,701005,贴现,,,,100.0,3,703019,央行票据,704001,记账式,2004-01-15,2004-04-04,2004-01-14,2004-04-14,,2004-04-14,,91 days
27881,0401006,04央行票据6,2004年第六期央行票据,301006,终止上市,中国人民银行,,705007,银行间债券市场,人民币,701005,贴现,,,,100.0,2,703019,央行票据,704001,记账式,2004-02-05,2004-04-20,2004-02-04,2004-04-30,,2004-04-30,,86 days
27885,0401007,04央行票据7,2004年第七期央行票据,301006,终止上市,中国人民银行,,705007,银行间债券市场,人民币,701005,贴现,,,,100.0,3,703019,央行票据,704001,记账式,2004-02-12,2004-05-01,2004-02-11,2004-05-11,,2004-05-11,,90 days
27887,0401009,04央行票据9,2004年第九期央行票据,301006,终止上市,中国人民银行,,705007,银行间债券市场,人民币,701005,贴现,,,,100.0,3,703019,央行票据,704001,记账式,2004-02-19,2004-05-08,2004-02-18,2004-05-18,,2004-05-18,,90 days
27893,0401012,04央行票据12,2004年第十二期央行票据,301006,终止上市,中国人民银行,,705007,银行间债券市场,人民币,701005,贴现,,,,100.0,3,703019,央行票据,704001,记账式,2004-02-26,2004-05-15,2004-02-25,2004-05-25,,2004-05-25,,90 days
27896,0401015,04央行票据15,2004年第十五期央行票据,301006,终止上市,中国人民银行,,705007,银行间债券市场,人民币,701005,贴现,,,,100.0,3,703019,央行票据,704001,记账式,2004-03-04,2004-05-24,2004-03-03,2004-06-03,,2004-06-03,,92 days
27902,0401018,04央行票据18,2004年第十八期央行票据,301006,终止上市,中国人民银行,,705007,银行间债券市场,人民币,701005,贴现,,,,100.0,3,703019,央行票据,704001,记账式,2004-03-11,2004-05-31,2004-03-10,2004-06-10,,2004-06-10,,92 days
27905,0401021,04央行票据21,2004年第二十一期央行票据,301006,终止上市,中国人民银行,,705007,银行间债券市场,人民币,701005,贴现,,,,100.0,3,703019,央行票据,704001,记账式,2004-03-18,2004-06-07,2004-03-17,2004-06-17,,2004-06-17,,92 days
27909,0401024,04央行票据24,2004年第二十四期央行票据,301006,终止上市,中国人民银行,,705007,银行间债券市场,人民币,701005,贴现,,,,100.0,3,703019,央行票据,704001,记账式,2004-03-25,2004-06-14,2004-03-24,2004-06-24,,2004-06-24,,92 days
27914,0401027,04央行票据27,2004年第二十七期央行票据,301006,终止上市,中国人民银行,,705007,银行间债券市场,人民币,701005,贴现,,,,100.0,3,703019,央行票据,704001,记账式,2004-04-01,2004-06-20,2004-03-31,2004-06-30,,2004-06-30,,91 days
27917,0401029,04央行票据29,2004年第二十九期央行票据,301006,终止上市,中国人民银行,,705007,银行间债券市场,人民币,701005,贴现,,,,100.0,3,703019,央行票据,704001,记账式,2004-04-08,2004-06-27,2004-04-07,2004-07-07,,2004-07-07,,91 days
27922,0401031,04央行票据31,2004年第三十一期央行票据,301006,终止上市,中国人民银行,,705007,银行间债券市场,人民币,701005,贴现,,,,100.0,3,703019,央行票据,704001,记账式,2004-04-15,2004-07-04,2004-04-14,2004-07-14,,2004-07-14,,91 days
27934,0401035,04央行票据35,2004年第三十五期央行票据,301006,终止上市,中国人民银行,,705007,银行间债券市场,人民币,701005,贴现,,,,100.0,3,703019,央行票据,704001,记账式,2004-05-20,2004-08-09,2004-05-19,2004-08-19,,2004-08-19,,92 days
27936,0401038,04央行票据38,2004年第三十八期央行票据,301006,终止上市,中国人民银行,,705007,银行间债券市场,人民币,701005,贴现,,,,100.0,3,703019,央行票据,704001,记账式,2004-05-27,2004-08-16,2004-05-26,2004-08-26,,2004-08-26,,92 days
27944,0401040,04央行票据40,2004年第四十期央行票据,301006,终止上市,中国人民银行,,705007,银行间债券市场,人民币,701005,贴现,,,,100.0,3,703019,央行票据,704001,记账式,2004-06-03,2004-08-23,2004-06-02,2004-09-02,,2004-09-02,,92 days
27952,0401044,04央行票据44,2004年第四十四期央行票据,301006,终止上市,中国人民银行,,705007,银行间债券市场,人民币,701005,贴现,,,,100.0,3,703019,央行票据,704001,记账式,2004-06-24,2004-09-13,2004-06-23,2004-09-23,,2004-09-23,,92 days
27955,0401045,04央行票据45,2004年第四十五期央行票据,301006,终止上市,中国人民银行,,705007,银行间债券市场,人民币,701005,贴现,,,,100.0,3,703019,央行票据,704001,记账式,2004-07-01,2004-09-20,2004-06-30,2004-09-30,,2004-09-30,,92 days
27956,0401051,04央行票据51,2004年第五十一期央行票据,301006,终止上市,中国人民银行,,705007,银行间债券市场,人民币,701005,贴现,,,,100.0,3,703019,央行票据,704001,记账式,2004-07-08,2004-09-27,2004-07-07,2004-10-07,,2004-10-07,,92 days
27961,0401053,04央行票据53,2004年第五十三期央行票据,301006,终止上市,中国人民银行,,705007,银行间债券市场,人民币,701005,贴现,,,,100.0,3,703019,央行票据,704001,记账式,2004-07-15,2004-10-04,2004-07-14,2004-10-14,,2004-10-14,,92 days
27963,0401055,04央行票据55,2004年第五十五期央行票据,301006,终止上市,中国人民银行,,705007,银行间债券市场,人民币,701005,贴现,,,,100.0,3,703019,央行票据,704001,记账式,2004-07-22,2004-10-11,2004-07-21,2004-10-21,,2004-10-21,,92 days
27968,0401059,04央行票据59,2004年第五十九期央行票据,301006,终止上市,中国人民银行,,705007,银行间债券市场,人民币,701005,贴现,,,,100.0,3,703019,央行票据,704001,记账式,2004-08-06,2004-10-09,2004-08-06,2004-11-08,,2004-11-08,,94 days
27974,0401061,04央行票据61,2004年第六十一期央行票据,301006,终止上市,中国人民银行,,705007,银行间债券市场,人民币,701005,贴现,,,,100.0,3,703019,央行票据,704001,记账式,2004-08-13,2004-11-05,2004-08-13,2004-11-15,,2004-11-15,,94 days
27976,0401063,04央行票据63,2004年第六十三期央行票据,301006,终止上市,中国人民银行,,705007,银行间债券市场,人民币,701005,贴现,,,,100.0,3,703019,央行票据,704001,记账式,2004-08-20,2004-11-12,2004-08-20,2004-11-22,,2004-11-22,,94 days
27981,0401065,04央行票据65,2004年第六十五期央行票据,301006,终止上市,中国人民银行,,705007,银行间债券市场,人民币,701005,贴现,,,,100.0,3,703019,央行票据,704001,记账式,2004-08-27,2004-11-19,2004-08-27,2004-11-29,,2004-11-29,,94 days
27984,0401067,04央行票据67,2004年第六十七期央行票据,301006,终止上市,中国人民银行,,705007,银行间债券市场,人民币,701005,贴现,,,,100.0,3,703019,央行票据,704001,记账式,2004-09-03,2004-11-23,2004-09-03,2004-12-03,,2004-12-03,,91 days
27987,0401069,04央行票据69,2004年第六十九期央行票据,301006,终止上市,中国人民银行,,705007,银行间债券市场,人民币,701005,贴现,,,,100.0,3,703019,央行票据,704001,记账式,2004-09-10,2004-11-30,2004-09-10,2004-12-10,,2004-12-10,,91 days
27990,0401071,04央行票据71,2004年第七十一期央行票据,301006,终止上市,中国人民银行,,705007,银行间债券市场,人民币,701005,贴现,,,,100.0,3,703019,央行票据,704001,记账式,2004-09-17,2004-12-07,2004-09-17,2004-12-17,,2004-12-17,,91 days
28002,0401074,04央行票据74,2004年第七十四期央行票据,301006,终止上市,中国人民银行,,705007,银行间债券市场,人民币,701005,贴现,,,,100.0,3,703019,央行票据,704001,记账式,2004-09-24,2004-12-14,2004-09-24,2004-12-24,,2004-12-24,,91 days
28003,0401075,04央行票据75,2004年第七十五期央行票据,301006,终止上市,中国人民银行,,705007,银行间债券市场,人民币,701005,贴现,,,,100.0,3,703019,央行票据,704001,记账式,2004-09-29,2004-12-19,2004-09-29,2004-12-29,,2004-12-29,,91 days
28020,0401078,04央行票据78,2004年第七十八期央行票据,301006,终止上市,中国人民银行,,705007,银行间债券市场,人民币,701005,贴现,,,,100.0,3,703019,央行票据,704001,记账式,2004-10-15,2005-01-14,2004-10-15,2005-01-17,,2005-01-17,,94 days
28024,0401080,04央行票据80,2004年第八十期央行票据,301006,终止上市,中国人民银行,,705007,银行间债券市场,人民币,701005,贴现,,,,100.0,3,703019,央行票据,704001,记账式,2004-10-22,2005-01-21,2004-10-22,2005-01-24,,2005-01-24,,94 days
28027,0401082,04央行票据82,2004年第八十二期央行票据,301006,终止上市,中国人民银行,,705007,银行间债券市场,人民币,701005,贴现,,,,100.0,3,703019,央行票据,704001,记账式,2004-10-29,2005-01-25,2004-10-29,2005-01-28,,2005-01-28,,91 days
28032,0401084,04央行票据84,2004年第八十四期央行票据,301006,终止上市,中国人民银行,,705007,银行间债券市场,人民币,701005,贴现,,,,100.0,3,703019,央行票据,704001,记账式,2004-11-05,2005-02-01,2004-11-05,2005-02-04,,2005-02-04,,91 days
28037,0401086,04央行票据86,2004年第八十六期央行票据,301006,终止上市,中国人民银行,,705007,银行间债券市场,人民币,701005,贴现,,,,100.0,2,703019,央行票据,704001,记账式,2004-11-12,2005-02-04,2004-11-12,2005-02-07,,2005-02-07,,87 days
28042,0401088,04央行票据88,2004年第八十八期央行票据,301006,终止上市,中国人民银行,,705007,银行间债券市场,人民币,701005,贴现,,,,100.0,3,703019,央行票据,704001,记账式,2004-11-19,2005-02-15,2004-11-19,2005-02-18,,2005-02-18,,91 days
28048,0401090,04央行票据90,2004年第九十期央行票据,301006,终止上市,中国人民银行,,705007,银行间债券市场,人民币,701005,贴现,,,,100.0,3,703019,央行票据,704001,记账式,2004-11-26,2005-02-22,2004-11-26,2005-02-25,,2005-02-25,,91 days
28051,0401092,04央行票据92,2004年第九十二期央行票据,301006,终止上市,中国人民银行,,705007,银行间债券市场,人民币,701005,贴现,,,,100.0,3,703019,央行票据,704001,记账式,2004-12-03,2005-03-01,2004-12-03,2005-03-04,,2005-03-04,,91 days
28060,0401095,04央行票据95,2004年第九十五期央行票据,301006,终止上市,中国人民银行,,705007,银行间债券市场,人民币,701005,贴现,,,,100.0,3,703019,央行票据,704001,记账式,2004-12-10,2005-03-08,2004-12-10,2005-03-11,,2005-03-11,,91 days
28071,0401099,04央行票据99,2004年第九十九期央行票据,301006,终止上市,中国人民银行,,705007,银行间债券市场,人民币,701005,贴现,,,,100.0,3,703019,央行票据,704001,记账式,2004-12-17,2005-03-15,2004-12-17,2005-03-18,,2005-03-18,,91 days
28076,0401101,04央票101,2004年第一百零一期央行票据,301006,终止上市,中国人民银行,,705007,银行间债券市场,人民币,701005,贴现,,,,100.0,3,703019,央行票据,704001,记账式,2004-12-24,2005-03-22,2004-12-24,2005-03-25,,2005-03-25,,91 days
28083,0401105,04央行票据105,2004年第一百零五期央行票据,301006,终止上市,中国人民银行,,705007,银行间债券市场,人民币,701005,贴现,,,,100.0,3,703019,央行票据,704001,记账式,2004-12-31,2005-03-29,2004-12-31,2005-04-01,,2005-04-01,,91 days
28087,0501004,05央行票据04,2005年第四期央行票据,301006,终止上市,中国人民银行,,705007,银行间债券市场,人民币,701005,贴现,,,,100.0,3,703019,央行票据,704001,记账式,2005-01-07,2005-04-05,2005-01-07,2005-04-08,,2005-04-08,,91 days
28092,0501009,05央行票据09,2005年第九期央行票据,301006,终止上市,中国人民银行,,705007,银行间债券市场,人民币,701005,贴现,,,,100.0,3,703019,央行票据,704001,记账式,2005-01-14,2005-04-12,2005-01-14,2005-04-15,,2005-04-15,,91 days
28095,0501012,05央行票据12,2005年第十二期央行票据,301006,终止上市,中国人民银行,,705007,银行间债券市场,人民币,701005,贴现,,,,100.0,3,703019,央行票据,704001,记账式,2005-01-21,2005-04-19,2005-01-21,2005-04-22,,2005-04-22,,91 days
28099,0501014,05央行票据14,2005年第十四期央行票据,301006,终止上市,中国人民银行,,705007,银行间债券市场,人民币,701005,贴现,,,,100.0,3,703019,央行票据,704001,记账式,2005-03-17,2005-06-13,2005-03-17,2005-06-16,,2005-06-16,,91 days
28106,0501016,05央行票据16,2005年第十六期央行票据,301006,终止上市,中国人民银行,,705007,银行间债券市场,人民币,701005,贴现,,,,100.0,3,703019,央行票据,704001,记账式,2005-02-18,2005-05-17,2005-02-18,2005-05-20,,2005-05-20,,91 days
28114,0501020,05央行票据20,2005年第二十期央行票据,301006,终止上市,中国人民银行,,705007,银行间债券市场,人民币,701005,贴现,,,,100.0,3,703019,央行票据,704001,记账式,2005-02-25,2005-05-24,2005-02-25,2005-05-27,,2005-05-27,,91 days
28119,0501024,05央行票据24,2005年第二十四期央行票据,301006,终止上市,中国人民银行,,705007,银行间债券市场,人民币,701005,贴现,,,,100.0,3,703019,央行票据,704001,记账式,2005-03-04,2005-05-31,2005-03-04,2005-06-03,,2005-06-03,,91 days
28128,0501028,05央行票据28,2005年第二十八期央行票据,301006,终止上市,中国人民银行,,705007,银行间债券市场,人民币,701005,贴现,,,,100.0,3,703019,央行票据,704001,记账式,2005-03-11,2005-06-07,2005-03-11,2005-06-10,,2005-06-10,,91 days
28135,0501032,05央行票据32,2005年第三十二期央行票据,301006,终止上市,中国人民银行,,705007,银行间债券市场,人民币,701005,贴现,,,,100.0,3,703019,央行票据,704001,记账式,2005-03-18,2005-06-14,2005-03-18,2005-06-17,,2005-06-17,,91 days
28138,0501035,05央行票据35,2005年第三十五期央行票据,301006,终止上市,中国人民银行,,705007,银行间债券市场,人民币,701005,贴现,,,,100.0,3,703019,央行票据,704001,记账式,2005-03-25,2005-06-21,2005-03-25,2005-06-24,,2005-06-24,,91 days
28141,0501038,05央行票据38,2005年第三十八期央行票据,301006,终止上市,中国人民银行,,705007,银行间债券市场,人民币,701005,贴现,,,,100.0,3,703019,央行票据,704001,记账式,2005-04-01,2005-06-28,2005-04-01,2005-07-01,,2005-07-01,,91 days
28146,0501041,05央行票据41,2005年第四十一期央行票据,301006,终止上市,中国人民银行,,705007,银行间债券市场,人民币,701005,贴现,,,,100.0,3,703019,央行票据,704001,记账式,2005-04-08,2005-07-05,2005-04-08,2005-07-08,,2005-07-08,,91 days
28151,0501044,05央行票据44,2005年第四十四期央行票据,301006,终止上市,中国人民银行,,705007,银行间债券市场,人民币,701005,贴现,,,,100.0,3,703019,央行票据,704001,记账式,2005-04-15,2005-07-12,2005-04-15,2005-07-15,,2005-07-15,,91 days
28156,0501047,05央行票据47,2005年第四十七期央行票据,301006,终止上市,中国人民银行,,705007,银行间债券市场,人民币,701005,贴现,,,,100.0,3,703019,央行票据,704001,记账式,2005-04-22,2005-07-19,2005-04-22,2005-07-22,,2005-07-22,,91 days
28161,0501050,05央行票据50,2005年第五十期央行票据,301006,终止上市,中国人民银行,,705007,银行间债券市场,人民币,701005,贴现,,,,100.0,3,703019,央行票据,704001,记账式,2005-04-29,2005-07-26,2005-04-29,2005-07-29,,2005-07-29,,91 days
28169,0501053,05央行票据53,2005年第五十三期央行票据,301006,终止上市,中国人民银行,,705007,银行间债券市场,人民币,701005,贴现,,,,100.0,3,703019,央行票据,704001,记账式,2005-05-13,2005-08-09,2005-05-13,2005-08-12,,2005-08-12,,91 days
28179,0501056,05央行票据56,2005年第五十六期央行票据,301006,终止上市,中国人民银行,,705007,银行间债券市场,人民币,701005,贴现,,,,100.0,3,703019,央行票据,704001,记账式,2005-05-20,2005-08-16,2005-05-20,2005-08-19,,2005-08-19,,91 days
28182,0501059,05央行票据59,2005年第五十九期央行票据,301006,终止上市,中国人民银行,,705007,银行间债券市场,人民币,701005,贴现,,,,100.0,3,703019,央行票据,704001,记账式,2005-05-27,2005-08-23,2005-05-27,2005-08-26,,2005-08-26,,91 days
28191,0501061,05央行票据61,2005年第六十一期央行票据,301006,终止上市,中国人民银行,,705007,银行间债券市场,人民币,701005,贴现,,,,100.0,2,703019,央行票据,704001,记账式,2005-06-03,2005-08-30,2005-06-03,2005-09-02,,2005-09-02,,91 days
28198,0501063,05央行票据63,2005年第六十三期央行票据,301006,终止上市,中国人民银行,,705007,银行间债券市场,人民币,701005,贴现,,,,100.0,3,703019,央行票据,704001,记账式,2005-06-10,2005-09-06,2005-06-10,2005-09-09,,2005-09-09,,91 days
28203,0501065,05央行票据65,2005年第六十五期央行票据,301006,终止上市,中国人民银行,,705007,银行间债券市场,人民币,701005,贴现,,,,100.0,3,703019,央行票据,704001,记账式,2005-06-17,2005-09-13,2005-06-17,2005-09-16,,2005-09-16,,91 days
28208,0501067,05央行票据67,2005年第六十七期央行票据,301006,终止上市,中国人民银行,,705007,银行间债券市场,人民币,701005,贴现,,,,100.0,3,703019,央行票据,704001,记账式,2005-06-24,2005-09-20,2005-06-24,2005-09-23,,2005-09-23,,91 days
28215,0501069,05央行票据69,2005年第六十九期央行票据,301006,终止上市,中国人民银行,,705007,银行间债券市场,人民币,701005,贴现,,,,100.0,3,703019,央行票据,704001,记账式,2005-07-01,2005-09-27,2005-07-01,2005-09-30,,2005-09-30,,91 days
28230,0501071,05央行票据71,2005年第七十一期央行票据,301006,终止上市,中国人民银行,,705007,银行间债券市场,人民币,701005,贴现,,,,100.0,3,703019,央行票据,704001,记账式,2005-07-08,2005-09-28,2005-07-08,2005-10-08,,2005-10-08,,92 days
28239,0501073,05央行票据73,2005年第七十三期央行票据,301006,终止上市,中国人民银行,,705007,银行间债券市场,人民币,701005,贴现,,,,100.0,3,703019,央行票据,704001,记账式,2005-07-15,2005-10-11,2005-07-15,2005-10-14,,2005-10-14,,91 days
28244,0501075,05央行票据75,2005年第七十五期央行票据,301006,终止上市,中国人民银行,,705007,银行间债券市场,人民币,701005,贴现,,,,100.0,3,703019,央行票据,704001,记账式,2005-07-22,2005-10-18,2005-07-22,2005-10-21,,2005-10-21,,91 days
28255,0501077,05央行票据77,2005年第七十七期央行票据,301006,终止上市,中国人民银行,,705007,银行间债券市场,人民币,701005,贴现,,,,100.0,3,703019,央行票据,704001,记账式,2005-07-29,2005-10-25,2005-07-29,2005-10-28,,2005-10-28,,91 days
28265,0501079,05央行票据79,2005年第七十九期央行票据,301006,终止上市,中国人民银行,,705007,银行间债券市场,人民币,701005,贴现,,,,100.0,3,703019,央行票据,704001,记账式,2005-08-05,2005-11-01,2005-08-05,2005-11-04,,2005-11-04,,91 days
28275,0501081,05央行票据81,2005年第八十一期央行票据,301006,终止上市,中国人民银行,,705007,银行间债券市场,人民币,701005,贴现,,,,100.0,3,703019,央行票据,704001,记账式,2005-08-12,2005-11-08,2005-08-12,2005-11-11,,2005-11-11,,91 days
28283,0501083,05央行票据83,2005年第八十三期央行票据,301006,终止上市,中国人民银行,,705007,银行间债券市场,人民币,701005,贴现,,,,100.0,3,703019,央行票据,704001,记账式,2005-08-19,2005-11-15,2005-08-19,2005-11-18,,2005-11-18,,91 days
28289,0501085,05央行票据85,2005年第八十五期央行票据,301006,终止上市,中国人民银行,,705007,银行间债券市场,人民币,701005,贴现,,,,100.0,3,703019,央行票据,704001,记账式,2005-08-26,2005-11-22,2005-08-26,2005-11-25,,2005-11-25,,91 days
28293,0501087,05央行票据87,2005年第八十七期央行票据,301006,终止上市,中国人民银行,,705007,银行间债券市场,人民币,701005,贴现,,,,100.0,3,703019,央行票据,704001,记账式,2005-09-02,2005-11-29,2005-09-02,2005-12-02,,2005-12-02,,91 days
28302,0501089,05央行票据89,2005年第八十九期央行票据,301006,终止上市,中国人民银行,,705007,银行间债券市场,人民币,701005,贴现,,,,100.0,3,703019,央行票据,704001,记账式,2005-09-09,2005-12-06,2005-09-09,2005-12-09,,2005-12-09,,91 days
28314,0501091,05央行票据91,2005年第九十一期央行票据,301006,终止上市,中国人民银行,,705007,银行间债券市场,人民币,701005,贴现,,,,100.0,3,703019,央行票据,704001,记账式,2005-09-16,2005-12-13,2005-09-16,2005-12-16,,2005-12-16,,91 days
28320,0501093,05央行票据93,2005年第九十三期央行票据,301006,终止上市,中国人民银行,,705007,银行间债券市场,人民币,701005,贴现,,,,100.0,3,703019,央行票据,704001,记账式,2005-09-23,2005-12-20,2005-09-23,2005-12-23,,2005-12-23,,91 days
28325,0501095,05央行票据95,2005年第九十五期央行票据,301006,终止上市,中国人民银行,,705007,银行间债券市场,人民币,701005,贴现,,,,100.0,3,703019,央行票据,704001,记账式,2005-09-30,2005-12-27,2005-09-30,2005-12-30,,2005-12-30,,91 days
28342,0501097,05央行票据97,2005年第九十七期央行票据,301006,终止上市,中国人民银行,,705007,银行间债券市场,人民币,701005,贴现,,,,100.0,3,703019,央行票据,704001,记账式,2005-10-14,2006-01-10,2005-10-14,2006-01-13,,2006-01-13,,91 days
28353,0501100,05央行票据100,2005年第一百期央行票据,301006,终止上市,中国人民银行,,705007,银行间债券市场,人民币,701005,贴现,,,,100.0,3,703019,央行票据,704001,记账式,2005-10-21,2006-01-17,2005-10-21,2006-01-20,,2006-01-20,,91 days
28362,0501103,05央票103,2005年第一百零三期央行票据,301006,终止上市,中国人民银行,,705007,银行间债券市场,人民币,701005,贴现,,,,100.0,3,703019,央行票据,704001,记账式,2005-10-28,2006-01-24,2005-10-28,2006-01-27,,2006-01-27,,91 days
28369,0501106,05央票106,2005年第一百零六期央行票据,301006,终止上市,中国人民银行,,705007,银行间债券市场,人民币,701005,贴现,,,,100.0,3,703019,央行票据,704001,记账式,2005-11-04,2006-01-26,2005-11-04,2006-02-05,,2006-02-05,,93 days
28386,0501109,05央票109,2005年第一百零九期央行票据,301006,终止上市,中国人民银行,,705007,银行间债券市场,人民币,701005,贴现,,,,100.0,3,703019,央行票据,704001,记账式,2005-11-11,2006-02-07,2005-11-11,2006-02-10,,2006-02-10,,91 days
28394,0501112,05央票112,2005年第一百一十二期央行票据,301006,终止上市,中国人民银行,,705007,银行间债券市场,人民币,701005,贴现,,,,100.0,3,703019,央行票据,704001,记账式,2005-11-18,2006-02-14,2005-11-18,2006-02-17,,2006-02-17,,91 days
28413,0501115,05央票115,2005年第一百一十五期央行票据,301006,终止上市,中国人民银行,,705007,银行间债券市场,人民币,701005,贴现,,,,100.0,3,703019,央行票据,704001,记账式,2005-11-25,2006-02-21,2005-11-25,2006-02-24,,2006-02-24,,91 days
28422,0501118,05央票118,2005年第一百一十八期央行票据,301006,终止上市,中国人民银行,,705007,银行间债券市场,人民币,701005,贴现,,,,100.0,3,703019,央行票据,704001,记账式,2005-12-02,2006-02-28,2005-12-02,2006-03-03,,2006-03-03,,91 days
28489,0601005,06央行票据05,2006年第五期央行票据,301006,终止上市,中国人民银行,,705007,银行间债券市场,人民币,701005,贴现,,,,100.0,3,703019,央行票据,704001,记账式,2006-02-10,2006-05-09,2006-02-10,2006-05-12,,2006-05-12,,91 days
28498,0601007,06央行票据07,2006年第七期央行票据,301006,终止上市,中国人民银行,,705007,银行间债券市场,人民币,701005,贴现,,,,100.0,3,703019,央行票据,704001,记账式,2006-02-17,2006-05-16,2006-02-17,2006-05-19,,2006-05-19,,91 days
28509,0601009,06央行票据09,2006年第九期央行票据,301006,终止上市,中国人民银行,,705007,银行间债券市场,人民币,701005,贴现,,,,100.0,3,703019,央行票据,704001,记账式,2006-02-24,2006-05-23,2006-02-24,2006-05-26,,2006-05-26,,91 days
28513,0601011,06央行票据11,2006年第十一期央行票据,301006,终止上市,中国人民银行,,705007,银行间债券市场,人民币,701005,贴现,,,,100.0,3,703019,央行票据,704001,记账式,2006-03-03,2006-05-30,2006-03-03,2006-06-02,,2006-06-02,,91 days
28521,0601013,06央行票据13,2006年第十三期央行票据,301006,终止上市,中国人民银行,,705007,银行间债券市场,人民币,701005,贴现,,,,100.0,3,703019,央行票据,704001,记账式,2006-03-10,2006-06-06,2006-03-10,2006-06-09,,2006-06-09,,91 days
28558,0601017,06央行票据17,2006年第十七期央行票据,301006,终止上市,中国人民银行,,705007,银行间债券市场,人民币,701005,贴现,,,,100.0,3,703019,央行票据,704001,记账式,2006-03-24,2006-06-20,2006-03-24,2006-06-23,,2006-06-23,,91 days
28599,0601019,06央行票据19,2006年第十九期央行票据,301006,终止上市,中国人民银行,,705007,银行间债券市场,人民币,701005,贴现,,,,100.0,3,703019,央行票据,704001,记账式,2006-03-31,2006-06-27,2006-03-31,2006-06-30,,2006-06-30,,91 days
28623,0601021,06央行票据21,2006年第二十一期央行票据,301006,终止上市,中国人民银行,,705007,银行间债券市场,人民币,701005,贴现,,,,100.0,3,703019,央行票据,704001,记账式,2006-04-07,2006-07-04,2006-04-07,2006-07-07,,2006-07-07,,91 days
28636,0601023,06央行票据23,2006年第二十三期央行票据,301006,终止上市,中国人民银行,,705007,银行间债券市场,人民币,701005,贴现,,,,100.0,3,703019,央行票据,704001,记账式,2006-04-14,2006-07-11,2006-04-14,2006-07-14,,2006-07-14,,91 days
28644,0601025,06央行票据25,2006年第二十五期央行票据,301006,终止上市,中国人民银行,,705007,银行间债券市场,人民币,701005,贴现,,,,100.0,3,703019,央行票据,704001,记账式,2006-04-21,2006-07-18,2006-04-21,2006-07-21,,2006-07-21,,91 days
28652,0601027,06央行票据27,2006年第二十七期央行票据,301006,终止上市,中国人民银行,,705007,银行间债券市场,人民币,701005,贴现,,,,100.0,3,703019,央行票据,704001,记账式,2006-04-28,2006-07-25,2006-04-28,2006-07-28,,2006-07-28,,91 days
28667,0601029,06央行票据29,2006年第二十九期央行票据,301006,终止上市,中国人民银行,,705007,银行间债券市场,人民币,701005,贴现,,,,100.0,3,703019,央行票据,704001,记账式,2006-05-12,2006-08-08,2006-05-12,2006-08-11,,2006-08-11,,91 days
28680,0601032,06央行票据32,2006年第三十二期央行票据,301006,终止上市,中国人民银行,,705007,银行间债券市场,人民币,701005,贴现,,,,100.0,3,703019,央行票据,704001,记账式,2006-05-19,2006-08-15,2006-05-19,2006-08-18,,2006-08-18,,91 days
28698,0601034,06央行票据34,2006年第三十四期央行票据,301006,终止上市,中国人民银行,,705007,银行间债券市场,人民币,701005,贴现,,,,100.0,3,703019,央行票据,704001,记账式,2006-05-26,2006-08-22,2006-05-26,2006-08-25,,2006-08-25,,91 days
28716,0601036,06央行票据36,2006年第三十六期央行票据,301006,终止上市,中国人民银行,,705007,银行间债券市场,人民币,701005,贴现,,,,100.0,3,703019,央行票据,704001,记账式,2006-06-02,2006-08-29,2006-06-02,2006-09-01,,2006-09-01,,91 days
28729,0601038,06央行票据38,2006年第三十八期央行票据,301006,终止上市,中国人民银行,,705007,银行间债券市场,人民币,701005,贴现,,,,100.0,3,703019,央行票据,704001,记账式,2006-06-09,2006-09-05,2006-06-09,2006-09-08,,2006-09-08,,91 days
28747,0601041,06央行票据41,2006年第四十一期央行票据,301006,终止上市,中国人民银行,,705007,银行间债券市场,人民币,701005,贴现,,,,100.0,3,703019,央行票据,704001,记账式,2006-06-16,2006-09-12,2006-06-16,2006-09-15,,2006-09-15,,91 days
28757,0601043,06央行票据43,2006年第四十三期央行票据,301006,终止上市,中国人民银行,,705007,银行间债券市场,人民币,701005,贴现,,,,100.0,3,703019,央行票据,704001,记账式,2006-06-23,2006-09-19,2006-06-23,2006-09-22,,2006-09-22,,91 days
28773,0601045,06央行票据45,2006年第四十五期央行票据,301006,终止上市,中国人民银行,,705007,银行间债券市场,人民币,701005,贴现,,,,100.0,3,703019,央行票据,704001,记账式,2006-06-30,2006-09-26,2006-06-30,2006-09-29,,2006-09-29,,91 days
28780,0601047,06央行票据47,2006年第四十七期央行票据,301006,终止上市,中国人民银行,,705007,银行间债券市场,人民币,701005,贴现,,,,100.0,3,703019,央行票据,704001,记账式,2006-07-07,2006-09-28,2006-07-07,2006-10-08,,2006-10-08,,93 days
28788,0601049,06央行票据49,2006年第四十九期央行票据,301006,终止上市,中国人民银行,,705007,银行间债券市场,人民币,701005,贴现,,,,100.0,3,703019,央行票据,704001,记账式,2006-07-14,2006-10-10,2006-07-14,2006-10-13,,2006-10-13,,91 days
28804,0601052,06央行票据52,2006年第五十二期央行票据,301006,终止上市,中国人民银行,,705007,银行间债券市场,人民币,701005,贴现,,,,100.0,3,703019,央行票据,704001,记账式,2006-07-21,2006-10-17,2006-07-21,2006-10-20,,2006-10-20,,91 days
28819,0601054,06央行票据54,2006年第五十四期央行票据,301006,终止上市,中国人民银行,,705007,银行间债券市场,人民币,701005,贴现,,,,100.0,3,703019,央行票据,704001,记账式,2006-07-28,2006-10-24,2006-07-28,2006-10-27,,2006-10-27,,91 days
28827,0601056,06央行票据56,2006年第五十六期央行票据,301006,终止上市,中国人民银行,,705007,银行间债券市场,人民币,701005,贴现,,,,100.0,3,703019,央行票据,704001,记账式,2006-08-04,2006-10-31,2006-08-04,2006-11-03,,2006-11-03,,91 days
28839,0601059,06央行票据59,2006年第五十九期央行票据,301006,终止上市,中国人民银行,,705007,银行间债券市场,人民币,701005,贴现,,,,100.0,3,703019,央行票据,704001,记账式,2006-08-11,2006-11-07,2006-08-11,2006-11-10,,2006-11-10,,91 days
28850,0601061,06央行票据61,2006年第六十一期央行票据,301006,终止上市,中国人民银行,,705007,银行间债券市场,人民币,701005,贴现,,,,100.0,3,703019,央行票据,704001,记账式,2006-08-18,2006-11-14,2006-08-18,2006-11-17,,2006-11-17,,91 days
28853,0601063,06央行票据63,2006年第六十三期央行票据,301006,终止上市,中国人民银行,,705007,银行间债券市场,人民币,701005,贴现,,,,100.0,3,703019,央行票据,704001,记账式,2006-08-25,2006-11-21,2006-08-25,2006-11-24,,2006-11-24,,91 days
28862,0601065,06央行票据65,2006年第六十五期央行票据,301006,终止上市,中国人民银行,,705007,银行间债券市场,人民币,701005,贴现,,,,100.0,3,703019,央行票据,704001,记账式,2006-09-01,2006-11-28,2006-09-01,2006-12-01,,2006-12-01,,91 days
28869,0601067,06央行票据67,2006年第六十七期央行票据,301006,终止上市,中国人民银行,,705007,银行间债券市场,人民币,701005,贴现,,,,100.0,3,703019,央行票据,704001,记账式,2006-09-08,2006-12-05,2006-09-08,2006-12-08,,2006-12-08,,91 days
28881,0601069,06央行票据69,2006年第六十九期央行票据,301006,终止上市,中国人民银行,,705007,银行间债券市场,人民币,701005,贴现,,,,100.0,3,703019,央行票据,704001,记账式,2006-09-15,2006-12-12,2006-09-15,2006-12-15,,2006-12-15,,91 days
28896,0601071,06央行票据71,2006年第七十一期央行票据,301006,终止上市,中国人民银行,,705007,银行间债券市场,人民币,701005,贴现,,,,100.0,3,703019,央行票据,704001,记账式,2006-09-22,2006-12-19,2006-09-22,2006-12-22,,2006-12-22,,91 days
28916,0601073,06央行票据73,2006年第七十三期央行票据,301006,终止上市,中国人民银行,,705007,银行间债券市场,人民币,701005,贴现,,,,100.0,3,703019,央行票据,704001,记账式,2006-09-29,2006-12-26,2006-09-29,2006-12-29,,2006-12-29,,91 days
28925,0601075,06央行票据75,2006年第七十五期央行票据,301006,终止上市,中国人民银行,,705007,银行间债券市场,人民币,701005,贴现,,,,100.0,3,703019,央行票据,704001,记账式,2006-10-13,2007-01-09,2006-10-13,2007-01-12,,2007-01-12,,91 days
28941,0601077,06央行票据77,2006年第七十七期央行票据,301006,终止上市,中国人民银行,,705007,银行间债券市场,人民币,701005,贴现,,,,100.0,3,703019,央行票据,704001,记账式,2006-10-20,2007-01-16,2006-10-20,2007-01-19,,2007-01-19,,91 days
28958,0601079,06央行票据79,2006年第七十九期央行票据,301006,终止上市,中国人民银行,,705007,银行间债券市场,人民币,701005,贴现,,,,100.0,3,703019,央行票据,704001,记账式,2006-10-27,2007-01-23,2006-10-27,2007-01-26,,2007-01-26,,91 days
28967,0601081,06央行票据81,2006年第八十一期央行票据,301006,终止上市,中国人民银行,,705007,银行间债券市场,人民币,701005,贴现,,,,100.0,3,703019,央行票据,704001,记账式,2006-11-03,2007-01-30,2006-11-03,2007-02-02,,2007-02-02,,91 days
28981,0601083,06央行票据83,2006年第八十三期央行票据,301006,终止上市,中国人民银行,,705007,银行间债券市场,人民币,701005,贴现,,,,100.0,3,703019,央行票据,704001,记账式,2006-11-10,2007-02-06,2006-11-10,2007-02-09,,2007-02-09,,91 days
28995,0601085,06央行票据85,2006年第八十五期央行票据,301006,终止上市,中国人民银行,,705007,银行间债券市场,人民币,701005,贴现,,,,100.0,3,703019,央行票据,704001,记账式,2006-11-17,2007-02-13,2006-11-17,2007-02-16,,2007-02-16,,91 days
29021,0601088,06央行票据88,2006年第八十八期央行票据,301006,终止上市,中国人民银行,,705007,银行间债券市场,人民币,701005,贴现,,,,100.0,3,703019,央行票据,704001,记账式,2006-12-01,2007-02-27,2006-12-01,2007-03-02,,2007-03-02,,91 days
29030,0601090,06央行票据90,2006年第九十期央行票据,301006,终止上市,中国人民银行,,705007,银行间债券市场,人民币,701005,贴现,,,,100.0,3,703019,央行票据,704001,记账式,2006-12-08,2007-03-06,2006-12-08,2007-03-09,,2007-03-09,,91 days
29045,0601093,06央行票据93,2006年第九十三期央行票据,301006,终止上市,中国人民银行,,705007,银行间债券市场,人民币,701005,贴现,,,,100.0,3,703019,央行票据,704001,记账式,2006-12-15,2007-03-13,2006-12-15,2007-03-16,,2007-03-16,,91 days
29056,0601095,06央行票据95,2006年第九十五期央行票据,301006,终止上市,中国人民银行,,705007,银行间债券市场,人民币,701005,贴现,,,,100.0,3,703019,央行票据,704001,记账式,2006-12-22,2007-03-20,2006-12-22,2007-03-23,,2007-03-23,,91 days
29069,0601097,06央行票据97,2006年第九十七期央行票据,301006,终止上市,中国人民银行,,705007,银行间债券市场,人民币,701005,贴现,,,,100.0,3,703019,央行票据,704001,记账式,2006-12-29,2007-03-27,2006-12-29,2007-03-30,,2007-03-30,,91 days
29084,0701003,07央行票据03,2007年第三期中央银行票据,301006,终止上市,中国人民银行,,705007,银行间债券市场,人民币,701005,贴现,,,,100.0,3,703019,央行票据,704001,记账式,2007-01-12,2007-04-10,2007-01-12,2007-04-13,,2007-04-13,,91 days
29092,0701005,07央行票据05,2007年第五期中央银行票据,301006,终止上市,中国人民银行,,705007,银行间债券市场,人民币,701005,贴现,,,,100.0,3,703019,央行票据,704001,记账式,2007-01-19,2007-04-17,2007-01-19,2007-04-20,,2007-04-20,,91 days
29100,0701008,07央行票据08,2007年第八期中央银行票据,301006,终止上市,中国人民银行,,705007,银行间债券市场,人民币,701005,贴现,,,,100.0,3,703019,央行票据,704001,记账式,2007-01-26,2007-04-24,2007-01-26,2007-04-27,,2007-04-27,,91 days
29115,0701011,07央行票据11,2007年第十一期中央银行票据,301006,终止上市,中国人民银行,,705007,银行间债券市场,人民币,701005,贴现,,,,100.0,3,703019,央行票据,704001,记账式,2007-02-02,2007-04-28,2007-02-02,2007-05-08,,2007-05-08,,95 days
29121,0701014,07央行票据14,2007年第十四期中央银行票据,301006,终止上市,中国人民银行,,705007,银行间债券市场,人民币,701005,贴现,,,,100.0,3,703019,央行票据,704001,记账式,2007-02-09,2007-05-08,2007-02-09,2007-05-11,,2007-05-11,,91 days
29136,0701017,07央行票据17,2007年第十七期中央银行票据,301006,终止上市,中国人民银行,,705007,银行间债券市场,人民币,701005,贴现,,,,100.0,3,703019,央行票据,704001,记账式,2007-03-02,2007-05-29,2007-03-02,2007-06-01,,2007-06-01,,91 days
29150,0701020,07央行票据20,2007年第二十期中央银行票据,301006,终止上市,中国人民银行,,705007,银行间债券市场,人民币,701005,贴现,,,,100.0,3,703019,央行票据,704001,记账式,2007-03-09,2007-06-05,2007-03-09,2007-06-08,,2007-06-08,,91 days
29162,0701024,07央行票据24,2007年第二十四期中央银行票据,301006,终止上市,中国人民银行,,705007,银行间债券市场,人民币,701005,贴现,,,,100.0,3,703019,央行票据,704001,记账式,2007-03-16,2007-06-12,2007-03-16,2007-06-15,,2007-06-15,,91 days
29173,0701027,07央行票据27,2007年第二十七期中央银行票据,301006,终止上市,中国人民银行,,705007,银行间债券市场,人民币,701005,贴现,,,,100.0,3,703019,央行票据,704001,记账式,2007-03-23,2007-06-19,2007-03-23,2007-06-22,,2007-06-22,,91 days
29191,0701030,07央行票据30,2007年第三十期中央银行票据,301006,终止上市,中国人民银行,,705007,银行间债券市场,人民币,701005,贴现,,,,100.0,3,703019,央行票据,704001,记账式,2007-03-30,2007-06-26,2007-03-30,2007-06-29,,2007-06-29,,91 days
29202,0701033,07央行票据33,2007年第三十三期央行票据,301006,终止上市,中国人民银行,,705007,银行间债券市场,人民币,701005,贴现,,,,100.0,3,703019,央行票据,704001,记账式,2007-04-06,2007-07-03,2007-04-06,2007-07-06,,2007-07-06,,91 days
29215,0701036,07央行票据36,2007年第三十六期中央银行票据,301006,终止上市,中国人民银行,,705007,银行间债券市场,人民币,701005,贴现,,,,100.0,3,703019,央行票据,704001,记账式,2007-04-13,2007-07-10,2007-04-13,2007-07-13,,2007-07-13,,91 days
29222,0701039,07央行票据39,2007年第三十九期中央银行票据,301006,终止上市,中国人民银行,,705007,银行间债券市场,人民币,701005,贴现,,,,100.0,3,703019,央行票据,704001,记账式,2007-04-20,2007-07-17,2007-04-20,2007-07-20,,2007-07-20,,91 days
29235,0701042,07央行票据42,2007年第四十二期中央银行票据,301006,终止上市,中国人民银行,,705007,银行间债券市场,人民币,701005,贴现,,,,100.0,3,703019,央行票据,704001,记账式,2007-04-27,2007-07-24,2007-04-27,2007-07-27,,2007-07-27,,91 days
29257,0701045,07央行票据45,2007年第四十五期中央银行票据,301006,终止上市,中国人民银行,,705007,银行间债券市场,人民币,701005,贴现,,,,100.0,3,703019,央行票据,704001,记账式,2007-05-11,2007-08-07,2007-05-11,2007-08-10,,2007-08-10,,91 days
29270,0701049,07央行票据49,2007年第四十九期中央银行票据,301006,终止上市,中国人民银行,,705007,银行间债券市场,人民币,701005,贴现,,,,100.0,3,703019,央行票据,704001,记账式,2007-05-18,2007-08-14,2007-05-18,2007-08-17,,2007-08-17,,91 days
29279,0701052,07央行票据52,2007年第五十二期中央银行票据,301006,终止上市,中国人民银行,,705007,银行间债券市场,人民币,701005,贴现,,,,100.0,3,703019,央行票据,704001,记账式,2007-05-25,2007-08-21,2007-05-25,2007-08-24,,2007-08-24,,91 days
29289,0701055,07央行票据55,2007年第五十五期中央银行票据,301006,终止上市,中国人民银行,,705007,银行间债券市场,人民币,701005,贴现,,,,100.0,3,703019,央行票据,704001,记账式,2007-06-01,2007-08-28,2007-06-01,2007-08-31,,2007-08-31,,91 days
29309,0701058,07央行票据58,2007年第五十八期中央银行票据,301006,终止上市,中国人民银行,,705007,银行间债券市场,人民币,701005,贴现,,,,100.0,3,703019,央行票据,704001,记账式,2007-06-08,2007-09-04,2007-06-08,2007-09-07,,2007-09-07,,91 days
29330,0701061,07央行票据61,2007年第六十一期中央银行票据,301006,终止上市,中国人民银行,,705007,银行间债券市场,人民币,701005,贴现,,,,100.0,3,703019,央行票据,704001,记账式,2007-06-15,2007-09-11,2007-06-15,2007-09-14,,2007-09-14,,91 days
29351,0701064,07央行票据64,2007年第六十四期中央银行票据,301006,终止上市,中国人民银行,,705007,银行间债券市场,人民币,701005,贴现,,,,100.0,3,703019,央行票据,704001,记账式,2007-06-22,2007-09-18,2007-06-22,2007-09-21,,2007-09-21,,91 days
29365,0701067,07央行票据67,2007年第六十七期中央银行票据,301006,终止上市,中国人民银行,,705007,银行间债券市场,人民币,701005,贴现,,,,100.0,3,703019,央行票据,704001,记账式,2007-06-29,2007-09-25,2007-06-29,2007-09-28,,2007-09-28,,91 days
29381,0701070,07央行票据70,2007年第七十期中央银行票据,301006,终止上市,中国人民银行,,705007,银行间债券市场,人民币,701005,贴现,,,,100.0,3,703019,央行票据,704001,记账式,2007-07-06,2007-09-28,2007-07-06,2007-10-08,,2007-10-08,,94 days
29393,0701073,07央行票据73,2007年第七十三期中央银行票据,301006,终止上市,中国人民银行,,705007,银行间债券市场,人民币,701005,贴现,,,,100.0,3,703019,央行票据,704001,记账式,2007-07-13,2007-10-09,2007-07-13,2007-10-12,,2007-10-12,到期按面值100元兑付,91 days
29404,0701077,07央行票据77,2007年第七十七期中央银行票据,301006,终止上市,中国人民银行,,705007,银行间债券市场,人民币,701005,贴现,,,,100.0,3,703019,央行票据,704001,记账式,2007-07-20,2007-10-16,2007-07-20,2007-10-19,,2007-10-19,,91 days
29416,0701080,07央行票据80,2007年第八十期中央银行票据,301006,终止上市,中国人民银行,,705007,银行间债券市场,人民币,701005,贴现,,,,100.0,3,703019,央行票据,704001,记账式,2007-07-27,2007-10-23,2007-07-27,2007-10-26,,2007-10-26,,91 days
29429,0701083,07央行票据83,2007年第八十三期中央银行票据,301006,终止上市,中国人民银行,,705007,银行间债券市场,人民币,701005,贴现,,,,100.0,3,703019,央行票据,704001,记账式,2007-08-03,2007-10-30,2007-08-03,2007-11-02,,2007-11-02,,91 days
29446,0701086,07央行票据86,2007年第八十六期中央银行票据,301006,终止上市,中国人民银行,,705007,银行间债券市场,人民币,701005,贴现,,,,100.0,3,703019,央行票据,704001,记账式,2007-08-10,2007-11-06,2007-08-10,2007-11-09,,2007-11-09,到期按面值兑付,91 days
29465,0701089,07央行票据89,2007年第八十九期中央银行票据,301006,终止上市,中国人民银行,,705007,银行间债券市场,人民币,701005,贴现,,,,100.0,3,703019,央行票据,704001,记账式,2007-08-17,2007-11-13,2007-08-17,2007-11-16,,2007-11-16,,91 days
29479,0701093,07央行票据93,2007年第九十三期中央银行票据,301006,终止上市,中国人民银行,,705007,银行间债券市场,人民币,701005,贴现,,,,100.0,3,703019,央行票据,704001,记账式,2007-08-24,2007-11-20,2007-08-24,2007-11-23,,2007-11-23,,91 days
29494,0701096,07央行票据96,2007年第九十六期中央银行票据,301006,终止上市,中国人民银行,,705007,银行间债券市场,人民币,701005,贴现,,,,100.0,3,703019,央行票据,704001,记账式,2007-08-31,2007-11-27,2007-08-31,2007-11-30,,2007-11-30,,91 days
29517,0701099,07央行票据99,2007年第九十九期中央银行票据,301006,终止上市,中国人民银行,,705007,银行间债券市场,人民币,701005,贴现,,,,100.0,3,703019,央行票据,704001,记账式,2007-09-07,2007-12-04,2007-09-07,2007-12-07,,2007-12-07,,91 days
29534,0701102,07央票102,2007年第一百零二期中央银行票据,301006,终止上市,中国人民银行,,705007,银行间债券市场,人民币,701005,贴现,,,,100.0,3,703019,央行票据,704001,记账式,2007-09-14,2007-12-11,2007-09-14,2007-12-14,,2007-12-14,,91 days
29541,0701104,07央票104,2007年第一百零四期中央银行票据,301006,终止上市,中国人民银行,,705007,银行间债券市场,人民币,701005,贴现,,,,100.0,3,703019,央行票据,704001,记账式,2007-09-21,2007-12-18,2007-09-21,2007-12-21,,2007-12-21,,91 days
29558,0701106,07央票106,2007年第一百零六期中央银行票据,301006,终止上市,中国人民银行,,705007,银行间债券市场,人民币,701005,贴现,,,,100.0,3,703019,央行票据,704001,记账式,2007-09-28,2007-12-25,2007-09-28,2007-12-28,,2007-12-28,,91 days
29580,0701109,07央票109,2007年第一百零九期中央银行票据,301006,终止上市,中国人民银行,,705007,银行间债券市场,人民币,701005,贴现,,,,100.0,3,703019,央行票据,704001,记账式,2007-10-12,2008-01-08,2007-10-12,2008-01-11,,2008-01-11,,91 days
29600,0701112,07央票112,2007年第一百一十二期中央银行票据,301006,终止上市,中国人民银行,,705007,银行间债券市场,人民币,701005,贴现,,,,100.0,3,703019,央行票据,704001,记账式,2007-10-19,2008-01-15,2007-10-19,2008-01-18,,2008-01-18,,91 days
29610,0701114,07央票114,2007年第一百一十四期中央银行票据,301006,终止上市,中国人民银行,,705007,银行间债券市场,人民币,701005,贴现,,,,100.0,3,703019,央行票据,704001,记账式,2007-10-26,2008-01-22,2007-10-26,2008-01-25,,2008-01-25,,91 days
29623,0701117,07央票117,2007年第一百一十七期中央银行票据,301006,终止上市,中国人民银行,,705007,银行间债券市场,人民币,701005,贴现,,,,100.0,3,703019,央行票据,704001,记账式,2007-11-02,2008-01-29,2007-11-02,2008-02-01,,2008-02-01,,91 days
29641,0701120,07央票120,2007年第一百二十期中央银行票据,301006,终止上市,中国人民银行,,705007,银行间债券市场,人民币,701005,贴现,,,,100.0,2,703019,央行票据,704001,记账式,2007-11-09,2008-01-31,2007-11-09,2008-02-05,,2008-02-05,,88 days
29660,0701123,07央票123,2007年第一百二十三期中央银行票据,301006,终止上市,中国人民银行,,705007,银行间债券市场,人民币,701005,贴现,,,,100.0,3,703019,央行票据,704001,记账式,2007-11-16,2008-02-05,2007-11-16,2008-02-15,,2008-02-15,,91 days
29673,0701126,07央票126,2007年第一百二十六期中央银行票据,301006,终止上市,中国人民银行,,705007,银行间债券市场,人民币,701005,贴现,,,,100.0,3,703019,央行票据,704001,记账式,2007-11-23,2008-02-19,2007-11-23,2008-02-22,,2008-02-22,,91 days
29690,0701129,07央票129,2007年第一百二十九期中央银行票据,301006,终止上市,中国人民银行,,705007,银行间债券市场,人民币,701005,贴现,,,,100.0,3,703019,央行票据,704001,记账式,2007-11-30,2008-02-26,2007-11-30,2008-02-29,,2008-02-29,,91 days
29711,0701132,07央票132,2007年第一百三十二期中央银行票据,301006,终止上市,中国人民银行,,705007,银行间债券市场,人民币,701005,贴现,,,,100.0,3,703019,央行票据,704001,记账式,2007-12-07,2008-03-04,2007-12-07,2008-03-07,,2008-03-07,,91 days
29723,0701135,07央票135,2007年第一百三十五期中央银行票据,301006,终止上市,中国人民银行,,705007,银行间债券市场,人民币,701005,贴现,,,,100.0,3,703019,央行票据,704001,记账式,2007-12-14,2008-03-11,2007-12-14,2008-03-14,,2008-03-14,,91 days
29738,0701138,07央票138,2007年第一百三十八期中央银行票据,301006,终止上市,中国人民银行,,705007,银行间债券市场,人民币,701005,贴现,,,,100.0,3,703019,央行票据,704001,记账式,2007-12-21,2008-03-18,2007-12-21,2008-03-21,,2008-03-21,,91 days
29760,0701141,07央票141,2007年第一百四十一期中央银行票据,301006,终止上市,中国人民银行,,705007,银行间债券市场,人民币,701005,贴现,,,,100.0,3,703019,央行票据,704001,记账式,2007-12-28,2008-03-25,2007-12-28,2008-03-28,,2008-03-28,,91 days
29768,0801003,08央行票据03,2008年第三期中央银行票据,301006,终止上市,中国人民银行,,705007,银行间债券市场,人民币,701005,贴现,,,,100.0,3,703019,央行票据,704001,记账式,2008-01-04,2008-03-31,2008-01-04,2008-04-03,,2008-04-03,,90 days
29785,0801006,08央行票据06,2008年第六期中央银行票据,301006,终止上市,中国人民银行,,705007,银行间债券市场,人民币,701005,贴现,,,,100.0,3,703019,央行票据,704001,记账式,2008-01-11,2008-04-08,2008-01-11,2008-04-11,,2008-04-11,,91 days
29802,0801009,08央行票据09,2008年第九期中央银行票据,301006,终止上市,中国人民银行,,705007,银行间债券市场,人民币,701005,贴现,,,,100.0,3,703019,央行票据,704001,记账式,2008-01-18,2008-04-15,2008-01-18,2008-04-18,,2008-04-18,,91 days
29816,0801012,08央行票据12,2008年第十二期中央银行票据,301006,终止上市,中国人民银行,,705007,银行间债券市场,人民币,701005,贴现,,,,100.0,3,703019,央行票据,704001,记账式,2008-01-25,2008-04-22,2008-01-25,2008-04-25,,2008-04-25,,91 days
29831,0801015,08央行票据15,2008年第十五期中央银行票据,301006,终止上市,中国人民银行,,705007,银行间债券市场,人民币,701005,贴现,,,,100.0,3,703019,央行票据,704001,记账式,2008-02-01,2008-04-25,2008-02-01,2008-04-30,,2008-04-30,,89 days
29840,0801018,08央行票据18,2008年第十八期中央银行票据,301006,终止上市,中国人民银行,,705007,银行间债券市场,人民币,701005,贴现,,,,100.0,3,703019,央行票据,704001,记账式,2008-02-15,2008-05-13,2008-02-15,2008-05-16,,2008-05-16,,91 days
29861,0801021,08央行票据21,2008年第二十一期中央银行票据,301006,终止上市,中国人民银行,,705007,银行间债券市场,人民币,701005,贴现,,,,100.0,3,703019,央行票据,704001,记账式,2008-02-22,2008-05-20,2008-02-22,2008-05-23,,2008-05-23,,91 days
29876,0801024,08央行票据24,2008年第二十四期中央银行票据,301006,终止上市,中国人民银行,,705007,银行间债券市场,人民币,701005,贴现,,,,100.0,3,703019,央行票据,704001,记账式,2008-02-29,2008-05-27,2008-02-29,2008-05-30,,2008-05-30,,91 days
29886,0801027,08央行票据27,2008年第二十七期中央银行票据,301006,终止上市,中国人民银行,,705007,银行间债券市场,人民币,701005,贴现,,,,100.0,3,703019,央行票据,704001,记账式,2008-03-07,2008-06-03,2008-03-07,2008-06-06,,2008-06-06,,91 days
29908,0801030,08央行票据30,2008年第三十期中央银行票据,301006,终止上市,中国人民银行,,705007,银行间债券市场,人民币,701005,贴现,,,,100.0,3,703019,央行票据,704001,记账式,2008-03-14,2008-06-10,2008-03-14,2008-06-13,,2008-06-13,,91 days
29924,0801033,08央行票据33,2008年第三十三期中央银行票据,301006,终止上市,中国人民银行,,705007,银行间债券市场,人民币,701005,贴现,,,,100.0,3,703019,央行票据,704001,记账式,2008-03-21,2008-06-17,2008-03-21,2008-06-20,,2008-06-20,,91 days
29938,0801036,08央行票据36,2008年第三十六期中央银行票据,301006,终止上市,中国人民银行,,705007,银行间债券市场,人民币,701005,贴现,,,,100.0,3,703019,央行票据,704001,记账式,2008-03-28,2008-06-24,2008-03-28,2008-06-27,,2008-06-27,,91 days
29957,0801039,08央行票据39,2008年第三十九期中央银行票据,301006,终止上市,中国人民银行,,705007,银行间债券市场,人民币,701005,贴现,,,,100.0,3,703019,央行票据,704001,记账式,2008-04-07,2008-07-02,2008-04-07,2008-07-07,,2008-07-07,,91 days
29971,0801042,08央行票据42,2008年第四十二期中央银行票据,301006,终止上市,中国人民银行,,705007,银行间债券市场,人民币,701005,贴现,,,,100.0,3,703019,央行票据,704001,记账式,2008-04-11,2008-07-08,2008-04-11,2008-07-11,,2008-07-11,,91 days
29993,0801045,08央行票据45,2008年第四十五期中央银行票据,301006,终止上市,中国人民银行,,705007,银行间债券市场,人民币,701005,贴现,,,,100.0,3,703019,央行票据,704001,记账式,2008-04-18,2008-07-15,2008-04-18,2008-07-18,,2008-07-18,,91 days
30004,0801048,08央行票据48,2008年第四十八期中央银行票据,301006,终止上市,中国人民银行,,705007,银行间债券市场,人民币,701005,贴现,,,,100.0,3,703019,央行票据,704001,记账式,2008-04-25,2008-07-22,2008-04-25,2008-07-25,,2008-07-25,,91 days
30009,0801051,08央行票据51,2008年第五十一期中央银行票据,301006,终止上市,中国人民银行,,705007,银行间债券市场,人民币,701005,贴现,,,,100.0,3,703019,央行票据,704001,记账式,2008-04-30,2008-07-25,2008-04-30,2008-07-30,,2008-07-30,,91 days
30024,0801054,08央行票据54,2008年第五十四期中央银行票据,301006,终止上市,中国人民银行,,705007,银行间债券市场,人民币,701005,贴现,,,,100.0,3,703019,央行票据,704001,记账式,2008-05-09,2008-08-05,2008-05-09,2008-08-08,,2008-08-08,,91 days
30032,0801057,08央行票据57,2008年第五十七期中央银行票据,301006,终止上市,中国人民银行,,705007,银行间债券市场,人民币,701005,贴现,,,,100.0,3,703019,央行票据,704001,记账式,2008-05-16,2008-08-12,2008-05-16,2008-08-15,,2008-08-15,,91 days
30044,0801060,08央行票据60,2008年第六十期中央银行票据,301006,终止上市,中国人民银行,,705007,银行间债券市场,人民币,701005,贴现,,,,100.0,3,703019,央行票据,704001,记账式,2008-05-23,2008-08-19,2008-05-23,2008-08-22,,2008-08-22,,91 days
30057,0801063,08央行票据63,2008年第六十三期中央银行票据,301006,终止上市,中国人民银行,,705007,银行间债券市场,人民币,701005,贴现,,,,100.0,3,703019,央行票据,704001,记账式,2008-05-30,2008-08-26,2008-05-30,2008-08-29,,2008-08-29,,91 days
30071,0801066,08央行票据66,2008年第六十六期中央银行票据,301006,终止上市,中国人民银行,,705007,银行间债券市场,人民币,701005,贴现,,,,100.0,3,703019,央行票据,704001,记账式,2008-06-06,2008-09-02,2008-06-06,2008-09-05,,2008-09-05,,91 days
30081,0801069,08央行票据69,2008年第六十九期中央银行票据,301006,终止上市,中国人民银行,,705007,银行间债券市场,人民币,701005,贴现,,,,100.0,3,703019,央行票据,704001,记账式,2008-06-13,2008-09-09,2008-06-13,2008-09-12,,2008-09-12,,91 days
40426,0901013,09央行票据13,2009年第十三期中央银行票据,301006,终止上市,中国人民银行,,705007,银行间债券市场,人民币,701005,贴现,,,,100.0,3,703019,央行票据,704001,记账式,2009-04-17,2009-07-14,2009-04-17,2009-07-17,,2009-07-17,,91 days
40427,0901012,09央行票据12,2009年第十二期中央银行票据,301006,终止上市,中国人民银行,,705007,银行间债券市场,人民币,701005,贴现,,,,100.0,3,703019,央行票据,704001,记账式,2009-04-10,2009-07-07,2009-04-10,2009-07-10,,2009-07-10,,91 days
40430,0901011,09央行票据11,2009年第十一期中央银行票据,301006,终止上市,中国人民银行,,705007,银行间债券市场,人民币,701005,贴现,,,,100.0,3,703019,央行票据,704001,记账式,2009-04-03,2009-06-30,2009-04-03,2009-07-03,,2009-07-03,,91 days
40431,0901010,09央行票据10,2009年第十期中央银行票据,301006,终止上市,中国人民银行,,705007,银行间债券市场,人民币,701005,贴现,,,,100.0,3,703019,央行票据,704001,记账式,2009-03-27,2009-06-23,2009-03-27,2009-06-26,,2009-06-26,,91 days
40432,0901015,09央行票据15,2009年第十五期中央银行票据,301006,终止上市,中国人民银行,,705007,银行间债券市场,人民币,701005,贴现,,,,100.0,3,703019,央行票据,704001,记账式,2009-05-04,2009-07-29,2009-05-04,2009-08-03,,2009-08-03,,91 days
40481,0901024,09央行票据24,2009年第二十四期中央银行票据,301006,终止上市,中国人民银行,,705007,银行间债券市场,人民币,701005,贴现,,,,100.0,3,703019,央行票据,704001,记账式,2009-07-10,2009-09-28,2009-07-10,2009-10-09,,2009-10-09,,91 days
40489,0901026,09央行票据26,2009年第二十六期中央银行票据,301006,终止上市,中国人民银行,,705007,银行间债券市场,人民币,701005,贴现,,,,100.0,3,703019,央行票据,704001,记账式,2009-07-17,2009-10-13,2009-07-17,2009-10-16,,2009-10-16,,91 days
40511,0901029,09央行票据29,2009年第二十九期中央银行票据,301006,终止上市,中国人民银行,,705007,银行间债券市场,人民币,701005,贴现,,,,100.0,3,703019,央行票据,704001,记账式,2009-07-24,2009-10-20,2009-07-24,2009-10-23,,2009-10-23,,91 days
40564,0901031,09央行票据31,2009年第三十一期中央银行票据,301006,终止上市,中国人民银行,,705007,银行间债券市场,人民币,701005,贴现,,,,100.0,3,703019,央行票据,704001,记账式,2009-07-31,2009-10-27,2009-07-31,2009-10-30,,2009-10-30,,91 days
40592,0901033,09央行票据33,2009年第三十三期中央银行票据,301006,终止上市,中国人民银行,,705007,银行间债券市场,人民币,701005,贴现,,,,100.0,3,703019,央行票据,704001,记账式,2009-08-07,2009-11-03,2009-08-07,2009-11-06,,2009-11-06,,91 days
40614,0901035,09央行票据35,2009年第三十五期中央银行票据,301006,终止上市,中国人民银行,,705007,银行间债券市场,人民币,701005,贴现,,,,100.0,3,703019,央行票据,704001,记账式,2009-08-14,2009-11-10,2009-08-14,2009-11-13,,2009-11-13,,91 days
40625,0901037,09央行票据37,2009年第三十七期中央银行票据,301006,终止上市,中国人民银行,,705007,银行间债券市场,人民币,701005,贴现,,,,100.0,3,703019,央行票据,704001,记账式,2009-08-21,2009-11-17,2009-08-21,2009-11-20,,2009-11-20,,91 days
40643,0901039,09央行票据39,2009年第三十九期中央银行票据,301006,终止上市,中国人民银行,,705007,银行间债券市场,人民币,701005,贴现,,,,100.0,3,703019,央行票据,704001,记账式,2009-08-28,2009-11-24,2009-08-28,2009-11-27,,2009-11-27,,91 days
40694,0901041,09央行票据41,2009年第四十一期中央银行票据,301006,终止上市,中国人民银行,,705007,银行间债券市场,人民币,701005,贴现,,,,100.0,3,703019,央行票据,704001,记账式,2009-09-04,2009-12-01,2009-09-04,2009-12-04,,2009-12-04,,91 days
40725,0901043,09央行票据43,2009年第四十三期中央银行票据,301006,终止上市,中国人民银行,,705007,银行间债券市场,人民币,701005,贴现,,,,100.0,3,703019,央行票据,704001,记账式,2009-09-11,2009-12-08,2009-09-11,2009-12-11,,2009-12-11,,91 days
40750,0901045,09央行票据45,2009年第四十五期中央银行票据,301006,终止上市,中国人民银行,,705007,银行间债券市场,人民币,701005,贴现,,,,100.0,3,703019,央行票据,704001,记账式,2009-09-18,2009-12-15,2009-09-18,2009-12-18,,2009-12-18,,91 days
40778,0901047,09央行票据47,2009年第四十七期中央银行票据,301006,终止上市,中国人民银行,,705007,银行间债券市场,人民币,701005,贴现,,,,100.0,3,703019,央行票据,704001,记账式,2009-09-25,2009-12-22,2009-09-25,2009-12-25,,2009-12-25,,91 days
40810,0901049,09央行票据49,2009年第四十九期中央银行票据,301006,终止上市,中国人民银行,,705007,银行间债券市场,人民币,701005,贴现,,,,100.0,3,703019,央行票据,704001,记账式,2009-10-16,2010-01-12,2009-10-16,2010-01-15,,2010-01-15,,91 days
40842,0901051,09央行票据51,2009年第五十一期中央银行票据,301006,终止上市,中国人民银行,,705007,银行间债券市场,人民币,701005,贴现,,,,100.0,3,703019,央行票据,704001,记账式,2009-10-23,2010-01-19,2009-10-23,2010-01-22,,2010-01-22,,91 days
40872,0901053,09央行票据53,2009年第五十三期中央银行票据,301006,终止上市,中国人民银行,,705007,银行间债券市场,人民币,701005,贴现,,,,100.0,3,703019,央行票据,704001,记账式,2009-10-30,2010-01-26,2009-10-30,2010-01-29,,2010-01-29,,91 days
40892,0901055,09央行票据55,2009年第五十五期中央银行票据,301006,终止上市,中国人民银行,,705007,银行间债券市场,人民币,701005,贴现,,,,100.0,3,703019,央行票据,704001,记账式,2009-11-06,2010-02-02,2009-11-06,2010-02-05,,2010-02-05,,91 days
40927,0901057,09央行票据57,2009年第五十七期中央银行票据,301006,终止上市,中国人民银行,,705007,银行间债券市场,人民币,701005,贴现,,,,100.0,3,703019,央行票据,704001,记账式,2009-11-13,2010-02-09,2009-11-13,2010-02-12,,2010-02-12,,91 days
40951,0901059,09央行票据59,2009年第五十九期中央银行票据,301006,终止上市,中国人民银行,,705007,银行间债券市场,人民币,701005,贴现,,,,100.0,3,703019,央行票据,704001,记账式,2009-11-20,2010-02-10,2009-11-20,2010-02-19,,2010-02-19,,91 days
40977,0901061,09央行票据61,2009年第六十一期中央银行票据,301006,终止上市,中国人民银行,,705007,银行间债券市场,人民币,701005,贴现,,,,100.0,3,703019,央行票据,704001,记账式,2009-11-27,2010-02-23,2009-11-27,2010-02-26,,2010-02-26,,91 days
41004,0901063,09央行票据63,2009年第六十三期中央银行票据,301006,终止上市,中国人民银行,,705007,银行间债券市场,人民币,701005,贴现,,,,100.0,3,703019,央行票据,704001,记账式,2009-12-04,2010-03-02,2009-12-04,2010-03-05,,2010-03-05,,91 days
41040,0901065,09央行票据65,2009年第六十五期中央银行票据,301006,终止上市,中国人民银行,,705007,银行间债券市场,人民币,701005,贴现,,,,100.0,3,703019,央行票据,704001,记账式,2009-12-11,2010-03-09,2009-12-11,2010-03-12,,2010-03-12,,91 days
41067,0901067,09央行票据67,2009年第六十七期中央银行票据,301006,终止上市,中国人民银行,,705007,银行间债券市场,人民币,701005,贴现,,,,100.0,3,703019,央行票据,704001,记账式,2009-12-18,2010-03-16,2009-12-18,2010-03-19,,2010-03-19,,91 days
41095,0901069,09央行票据69,2009年第六十九期中央银行票据,301006,终止上市,中国人民银行,,705007,银行间债券市场,人民币,701005,贴现,,,,100.0,3,703019,央行票据,704001,记账式,2009-12-25,2010-03-23,2009-12-25,2010-03-26,,2010-03-26,,91 days
41112,0901071,09央行票据71,2009年第七十一期中央银行票据,301006,终止上市,中国人民银行,,705007,银行间债券市场,人民币,701005,贴现,,,,100.0,3,703019,央行票据,704001,记账式,2009-12-30,2010-03-26,2009-12-30,2010-03-31,,2010-03-31,,91 days
41129,1001002,10央行票据02,2010年第二期中央银行票据,301006,终止上市,中国人民银行,,705007,银行间债券市场,人民币,701005,贴现,,,,100.0,3,703019,央行票据,704001,记账式,2010-01-08,2010-04-06,2010-01-08,2010-04-09,,2010-04-09,,91 days
41140,1001004,10央行票据04,2010年第四期中央银行票据,301006,终止上市,中国人民银行,,705007,银行间债券市场,人民币,701005,贴现,,,,100.0,3,703019,央行票据,704001,记账式,2010-01-15,2010-04-13,2010-01-15,2010-04-16,,2010-04-16,,91 days
41153,1001006,10央行票据06,2010年第六期中央银行票据,301006,终止上市,中国人民银行,,705007,银行间债券市场,人民币,701005,贴现,,,,100.0,3,703019,央行票据,704001,记账式,2010-01-22,2010-04-20,2010-01-22,2010-04-23,,2010-04-23,,91 days
41183,1001008,10央行票据08,2010年第八期中央银行票据,301006,终止上市,中国人民银行,,705007,银行间债券市场,人民币,701005,贴现,,,,100.0,3,703019,央行票据,704001,记账式,2010-01-29,2010-04-27,2010-01-29,2010-04-30,,2010-04-30,,91 days
41208,1001010,10央行票据10,2010年第十期中央银行票据,301006,终止上市,中国人民银行,,705007,银行间债券市场,人民币,701005,贴现,,,,100.0,3,703019,央行票据,704001,记账式,2010-02-05,2010-05-04,2010-02-05,2010-05-07,,2010-05-07,,91 days
41241,1001012,10央行票据12,2010年第十二期中央银行票据,301006,终止上市,中国人民银行,,705007,银行间债券市场,人民币,701005,贴现,,,,100.0,3,703019,央行票据,704001,记账式,2010-02-12,2010-05-11,2010-02-12,2010-05-14,,2010-05-14,,91 days
41265,1001014,10央行票据14,2010年第十四期中央银行票据,301006,终止上市,中国人民银行,,705007,银行间债券市场,人民币,701005,贴现,,,,100.0,3,703019,央行票据,704001,记账式,2010-02-26,2010-05-25,2010-02-26,2010-05-28,,2010-05-28,,91 days
41301,1001016,10央行票据16,2010年第十六期中央银行票据,301006,终止上市,中国人民银行,,705007,银行间债券市场,人民币,701005,贴现,,,,100.0,3,703019,央行票据,704001,记账式,2010-03-05,2010-06-01,2010-03-05,2010-06-04,,2010-06-04,,91 days
41318,1001018,10央行票据18,2010年第十八期中央银行票据,301006,终止上市,中国人民银行,,705007,银行间债券市场,人民币,701005,贴现,,,,100.0,3,703019,央行票据,704001,记账式,2010-03-12,2010-06-08,2010-03-12,2010-06-11,,2010-06-11,,91 days
41340,1001020,10央行票据20,2010年第二十期中央银行票据,301006,终止上市,中国人民银行,,705007,银行间债券市场,人民币,701005,贴现,,,,100.0,3,703019,央行票据,704001,记账式,2010-03-19,2010-06-12,2010-03-19,2010-06-18,,2010-06-18,,91 days
41378,1001022,10央行票据22,2010年第二十二期中央银行票据,301006,终止上市,中国人民银行,,705007,银行间债券市场,人民币,701005,贴现,,,,100.0,3,703019,央行票据,704001,记账式,2010-03-26,2010-06-22,2010-03-26,2010-06-25,,2010-06-25,,91 days
41413,1001024,10央行票据24,2010年第二十四期中央银行票据,301006,终止上市,中国人民银行,,705007,银行间债券市场,人民币,701005,贴现,,,,100.0,3,703019,央行票据,704001,记账式,2010-04-02,2010-06-29,2010-04-02,2010-07-02,,2010-07-02,,91 days
41439,1001026,10央行票据26,2010年第二十六期中央银行票据,301006,终止上市,中国人民银行,,705007,银行间债券市场,人民币,701005,贴现,,,,100.0,3,703019,央行票据,704001,记账式,2010-04-09,2010-07-06,2010-04-09,2010-07-09,,2010-07-09,,91 days
41467,1001029,10央行票据29,2010年第二十九期中央银行票据,301006,终止上市,中国人民银行,,705007,银行间债券市场,人民币,701005,贴现,,,,100.0,3,703019,央行票据,704001,记账式,2010-04-16,2010-07-13,2010-04-16,2010-07-16,,2010-07-16,,91 days
41495,1001031,10央行票据31,2010年第三十一期中央银行票据,301006,终止上市,中国人民银行,,705007,银行间债券市场,人民币,701005,贴现,,,,100.0,3,703019,央行票据,704001,记账式,2010-04-23,2010-07-20,2010-04-23,2010-07-23,,2010-07-23,,91 days
41533,1001034,10央行票据34,2010年第三十四期中央银行票据,301006,终止上市,中国人民银行,,705007,银行间债券市场,人民币,701005,贴现,,,,100.0,3,703019,央行票据,704001,记账式,2010-04-30,2010-07-27,2010-04-30,2010-07-30,,2010-07-30,,91 days
41544,1001036,10央行票据36,2010年第三十六期中央银行票据,301006,终止上市,中国人民银行,,705007,银行间债券市场,人民币,701005,贴现,,,,100.0,3,703019,央行票据,704001,记账式,2010-05-07,2010-08-03,2010-05-07,2010-08-06,,2010-08-06,,91 days
41568,1001039,10央行票据39,2010年第三十九期中央银行票据,301006,终止上市,中国人民银行,,705007,银行间债券市场,人民币,701005,贴现,,,,100.0,3,703019,央行票据,704001,记账式,2010-05-14,2010-08-10,2010-05-14,2010-08-13,,2010-08-13,,91 days
41606,1001041,10央行票据41,2010年第四十一期中央银行票据,301006,终止上市,中国人民银行,,705007,银行间债券市场,人民币,701005,贴现,,,,100.0,3,703019,央行票据,704001,记账式,2010-05-21,2010-08-17,2010-05-21,2010-08-20,,2010-08-20,,91 days
41632,1001044,10央行票据44,2010年第四十四期中央银行票据,301006,终止上市,中国人民银行,,705007,银行间债券市场,人民币,701005,贴现,,,,100.0,3,703019,央行票据,704001,记账式,2010-05-28,2010-08-24,2010-05-28,2010-08-27,,2010-08-27,,91 days
41655,1001046,10央行票据46,2010年第四十六期中央银行票据,301006,终止上市,中国人民银行,,705007,银行间债券市场,人民币,701005,贴现,,,,100.0,3,703019,央行票据,704001,记账式,2010-06-04,2010-08-31,2010-06-04,2010-09-03,,2010-09-03,,91 days
41682,1001049,10央行票据49,2010年第四十九期中央银行票据,301006,终止上市,中国人民银行,,705007,银行间债券市场,人民币,701005,贴现,,,,100.0,3,703019,央行票据,704001,记账式,2010-06-11,2010-09-07,2010-06-11,2010-09-10,,2010-09-10,,91 days
41722,1001053,10央行票据53,2010年第五十三期中央银行票据,301006,终止上市,中国人民银行,,705007,银行间债券市场,人民币,701005,贴现,,,,100.0,3,703019,央行票据,704001,记账式,2010-06-25,2010-09-19,2010-06-25,2010-09-24,,2010-09-24,,91 days
41766,1001057,10央行票据57,2010年第五十七期中央银行票据,301006,终止上市,中国人民银行,,705007,银行间债券市场,人民币,701005,贴现,,,,100.0,3,703019,央行票据,704001,记账式,2010-07-09,2010-09-28,2010-07-09,2010-10-08,,2010-10-08,,91 days
41792,1001059,10央行票据59,2010年第五十九期中央银行票据,301006,终止上市,中国人民银行,,705007,银行间债券市场,人民币,701005,贴现,,,,100.0,3,703019,央行票据,704001,记账式,2010-07-16,2010-10-12,2010-07-16,2010-10-15,,2010-10-15,,91 days
41825,1001062,10央行票据62,2010年第六十二期中央银行票据,301006,终止上市,中国人民银行,,705007,银行间债券市场,人民币,701005,贴现,,,,100.0,3,703019,央行票据,704001,记账式,2010-07-23,2010-10-19,2010-07-23,2010-10-22,,2010-10-22,,91 days
41849,1001064,10央行票据64,2010年第六十四期中央银行票据,301006,终止上市,中国人民银行,,705007,银行间债券市场,人民币,701005,贴现,,,,100.0,3,703019,央行票据,704001,记账式,2010-07-30,2010-10-29,2010-07-30,2010-10-29,,2010-10-29,,91 days
41880,1001067,10央行票据67,2010年第六十七期中央银行票据,301006,终止上市,中国人民银行,,705007,银行间债券市场,人民币,701005,贴现,,,,100.0,3,703019,央行票据,704001,记账式,2010-08-06,2010-11-02,2010-08-06,2010-11-05,,2010-11-05,,91 days
41931,1001071,10央行票据71,2010年第七十一期中央银行票据,301006,终止上市,中国人民银行,,705007,银行间债券市场,人民币,701005,贴现,,,,100.0,3,703019,央行票据,704001,记账式,2010-08-20,2010-11-16,2010-08-20,2010-11-19,,2010-11-19,,91 days
41969,1001073,10央行票据73,2010年第七十三期中央银行票据,301006,终止上市,中国人民银行,,705007,银行间债券市场,人民币,701005,贴现,,,,100.0,3,703019,央行票据,704001,记账式,2010-08-27,2010-11-23,2010-08-27,2010-11-26,,2010-11-26,,91 days
42001,1001076,10央行票据76,2010年第七十六期中央银行票据,301006,终止上市,中国人民银行,,705007,银行间债券市场,人民币,701005,贴现,,,,100.0,3,703019,央行票据,704001,记账式,2010-09-03,2010-11-30,2010-09-03,2010-12-03,,2010-12-03,,91 days
42040,1001078,10央行票据78,2010年第七十八期中央银行票据,301006,终止上市,中国人民银行,,705007,银行间债券市场,人民币,701005,贴现,,,,100.0,3,703019,央行票据,704001,记账式,2010-09-10,2010-12-07,2010-09-10,2010-12-10,,2010-12-10,,91 days
42075,1001081,10央行票据81,2010年第八十一期中央银行票据,301006,终止上市,中国人民银行,,705007,银行间债券市场,人民币,701005,贴现,,,,100.0,3,703019,央行票据,704001,记账式,2010-09-17,2010-12-14,2010-09-17,2010-12-17,,2010-12-17,,91 days
42116,1001083,10央行票据83,2010年第八十三期中央银行票据,301006,终止上市,中国人民银行,,705007,银行间债券市场,人民币,701005,贴现,,,,100.0,3,703019,央行票据,704001,记账式,2010-09-27,2010-12-22,2010-09-27,2010-12-27,,2010-12-27,,91 days
42128,1001086,10央行票据86,2010年第八十六期中央银行票据,301006,终止上市,中国人民银行,,705007,银行间债券市场,人民币,701005,贴现,,,,100.0,3,703019,央行票据,704001,记账式,2010-09-29,2010-12-29,2010-09-29,2010-12-29,,2010-12-29,,91 days
42149,1001088,10央行票据88,2010年第八十八期中央银行票据,301006,终止上市,中国人民银行,,705007,银行间债券市场,人民币,701005,贴现,,,,100.0,3,703019,央行票据,704001,记账式,2010-10-15,2011-01-11,2010-10-15,2011-01-14,,2011-01-14,,91 days
42191,1001091,10央行票据91,2010年第九十一期中央银行票据,301006,终止上市,中国人民银行,,705007,银行间债券市场,人民币,701005,贴现,,,,100.0,3,703019,央行票据,704001,记账式,2010-10-22,2011-01-18,2010-10-22,2011-01-21,,2011-01-21,,91 days
42221,1001093,10央行票据93,2010年第九十三期中央银行票据,301006,终止上市,中国人民银行,,705007,银行间债券市场,人民币,701005,贴现,,,,100.0,3,703019,央行票据,704001,记账式,2010-10-29,2011-01-25,2010-10-29,2011-01-28,,2011-01-28,,91 days
42259,1001096,10央行票据96,2010年第九十六期中央银行票据,301006,终止上市,中国人民银行,,705007,银行间债券市场,人民币,701005,贴现,,,,100.0,3,703019,央行票据,704001,记账式,2010-11-05,2011-02-01,2010-11-05,2011-02-04,,2011-02-04,,91 days
42294,1001098,10央行票据98,2010年第九十八期中央银行票据,301006,终止上市,中国人民银行,,705007,银行间债券市场,人民币,701005,贴现,,,,100.0,3,703019,央行票据,704001,记账式,2010-11-12,2011-02-08,2010-11-12,2011-02-11,,2011-02-11,,91 days
42330,1001101,10央票101,2010年第一百零一期中央银行票据,301006,终止上市,中国人民银行,,705007,银行间债券市场,人民币,701005,贴现,,,,100.0,3,703019,央行票据,704001,记账式,2010-11-19,2011-02-15,2010-11-19,2011-02-18,,2011-02-18,,91 days
42367,1001103,10央票103,2010年第一百零三期中央银行票据,301006,终止上市,中国人民银行,,705007,银行间债券市场,人民币,701005,贴现,,,,100.0,3,703019,央行票据,704001,记账式,2010-11-26,2011-02-22,2010-11-26,2011-02-25,,2011-02-25,,91 days
42400,1001106,10央票106,2010年第一百零六期中央银行票据,301006,终止上市,中国人民银行,,705007,银行间债券市场,人民币,701005,贴现,,,,100.0,3,703019,央行票据,704001,记账式,2010-12-03,2011-03-01,2010-12-03,2011-03-04,,2011-03-04,,91 days
42423,1001108,10央票108,2010年第一百零八期中央银行票据,301006,终止上市,中国人民银行,,705007,银行间债券市场,人民币,701005,贴现,,,,100.0,3,703019,央行票据,704001,记账式,2010-12-10,2011-03-08,2010-12-10,2011-03-11,,2011-03-11,,91 days
42441,1001110,10央票110,2010年第一百一十期中央银行票据,301006,终止上市,中国人民银行,,705007,银行间债券市场,人民币,701005,贴现,,,,100.0,3,703019,央行票据,704001,记账式,2010-12-17,2011-03-15,2010-12-17,2011-03-18,,2011-03-18,,91 days
42470,1001112,10央票112,2010年第一百一十二期中央银行票据,301006,终止上市,中国人民银行,,705007,银行间债券市场,人民币,701005,贴现,,,,100.0,3,703019,央行票据,704001,记账式,2010-12-24,2011-03-22,2010-12-24,2011-03-25,,2011-03-25,,91 days
42498,1001114,10央票114,2010年第一百一十四期中央银行票据,301006,终止上市,中国人民银行,,705007,银行间债券市场,人民币,701005,贴现,,,,100.0,3,703019,央行票据,704001,记账式,2010-12-31,2011-03-29,2010-12-31,2011-04-01,,2011-04-01,,91 days
42508,1101002,11央行票据02,2011年第二期中央银行票据,301006,终止上市,中国人民银行,,705007,银行间债券市场,人民币,701005,贴现,,,,100.0,3,703019,央行票据,704001,记账式,2011-01-07,2011-04-02,2011-01-07,2011-04-08,,2011-04-08,,91 days
42542,1101004,11央行票据04,2011年第四期中央银行票据,301006,终止上市,中国人民银行,,705007,银行间债券市场,人民币,701005,贴现,,,,100.0,3,703019,央行票据,704001,记账式,2011-01-14,2011-04-12,2011-01-14,2011-04-15,,2011-04-15,,91 days
42647,1101005,11央行票据05,2011年第五期中央银行票据,301006,终止上市,中国人民银行,,705007,银行间债券市场,人民币,701005,贴现,,,,100.0,3,703019,央行票据,704001,记账式,2011-02-11,2011-05-10,2011-02-11,2011-05-13,,2011-05-13,,91 days
42667,1101007,11央行票据07,2011年第七期中央银行票据,301006,终止上市,中国人民银行,,705007,银行间债券市场,人民币,701005,贴现,,,,100.0,3,703019,央行票据,704001,记账式,2011-02-18,2011-05-17,2011-02-18,2011-05-20,,2011-05-20,,91 days
42716,1101009,11央行票据09,2011年第九期中央银行票据,301006,终止上市,中国人民银行,,705007,银行间债券市场,人民币,701005,贴现,,,,100.0,3,703019,央行票据,704001,记账式,2011-02-25,2011-05-24,2011-02-25,2011-05-27,,2011-05-27,,91 days
42763,1101011,11央行票据11,2011年第十一期中央银行票据,301006,终止上市,中国人民银行,,705007,银行间债券市场,人民币,701005,贴现,,,,100.0,3,703019,央行票据,704001,记账式,2011-03-04,2011-05-31,2011-03-04,2011-06-03,,2011-06-03,,91 days
42824,1101013,11央行票据13,2011年第十三期中央银行票据,301006,终止上市,中国人民银行,,705007,银行间债券市场,人民币,701005,贴现,,,,100.0,3,703019,央行票据,704001,记账式,2011-03-11,2011-06-07,2011-03-11,2011-06-10,,2011-06-10,,91 days
42847,1101015,11央行票据15,2011年第十五期中央银行票据,301006,终止上市,中国人民银行,,705007,银行间债券市场,人民币,701005,贴现,,,,100.0,3,703019,央行票据,704001,记账式,2011-03-18,2011-06-14,2011-03-18,2011-06-17,,2011-06-17,,91 days
42914,1101017,11央行票据17,2011年第十七期中央银行票据,301006,终止上市,中国人民银行,,705007,银行间债券市场,人民币,701005,贴现,,,,100.0,3,703019,央行票据,704001,记账式,2011-03-25,2011-06-21,2011-03-25,2011-06-24,,2011-06-24,,91 days
42980,1101019,11央行票据19,2011年第十九期中央银行票据,301006,终止上市,中国人民银行,,705007,银行间债券市场,人民币,701005,贴现,,,,100.0,3,703019,央行票据,704001,记账式,2011-04-01,2011-06-28,2011-04-01,2011-07-01,,2011-07-01,,91 days
43006,1101021,11央行票据21,2011年第二十一期中央银行票据,301006,终止上市,中国人民银行,,705007,银行间债券市场,人民币,701005,贴现,,,,100.0,3,703019,央行票据,704001,记账式,2011-04-08,2011-07-05,2011-04-08,2011-07-08,,2011-07-08,,91 days
43028,1101023,11央行票据23,2011年第二十三期中央银行票据,301006,终止上市,中国人民银行,,705007,银行间债券市场,人民币,701005,贴现,,,,100.0,3,703019,央行票据,704001,记账式,2011-04-15,2011-07-12,2011-04-15,2011-07-15,,2011-07-15,,91 days
43059,1101025,11央行票据25,2011年第二十五期中央银行票据,301006,终止上市,中国人民银行,,705007,银行间债券市场,人民币,701005,贴现,,,,100.0,3,703019,央行票据,704001,记账式,2011-04-22,2011-07-19,2011-04-22,2011-07-22,,2011-07-22,,91 days
43117,1101027,11央行票据27,2011年第二十七期中央银行票据,301006,终止上市,中国人民银行,,705007,银行间债券市场,人民币,701005,贴现,,,,100.0,3,703019,央行票据,704001,记账式,2011-04-29,2011-07-26,2011-04-29,2011-07-29,,2011-07-29,,91 days
43154,1101029,11央行票据29,2011年第二十九期中央银行票据,301006,终止上市,中国人民银行,,705007,银行间债券市场,人民币,701005,贴现,,,,100.0,3,703019,央行票据,704001,记账式,2011-05-06,2011-08-02,2011-05-06,2011-08-05,,2011-08-05,,91 days
43195,1101031,11央行票据31,2011年第三十一期中央银行票据,301006,终止上市,中国人民银行,,705007,银行间债券市场,人民币,701005,贴现,,,,100.0,3,703019,央行票据,704001,记账式,2011-05-13,2011-08-09,2011-05-13,2011-08-12,,2011-08-12,,91 days
43240,1101034,11央行票据34,2011年第三十四期中央银行票据,301006,终止上市,中国人民银行,,705007,银行间债券市场,人民币,701005,贴现,,,,100.0,3,703019,央行票据,704001,记账式,2011-05-20,2011-08-16,2011-05-20,2011-08-19,,2011-08-19,,91 days
43262,1101036,11央行票据36,2011年第三十六期中央银行票据,301006,终止上市,中国人民银行,,705007,银行间债券市场,人民币,701005,贴现,,,,100.0,3,703019,央行票据,704001,记账式,2011-05-27,2011-08-23,2011-05-27,2011-08-26,,2011-08-26,,91 days
43282,1101038,11央行票据38,2011年第三十八期中央银行票据,301006,终止上市,中国人民银行,,705007,银行间债券市场,人民币,701005,贴现,,,,100.0,3,703019,央行票据,704001,记账式,2011-06-03,2011-08-30,2011-06-03,2011-09-02,,2011-09-02,,91 days
43308,1101041,11央行票据41,2011年第四十一期中央银行票据,301006,终止上市,中国人民银行,,705007,银行间债券市场,人民币,701005,贴现,,,,100.0,3,703019,央行票据,704001,记账式,2011-06-10,2011-09-06,2011-06-10,2011-09-09,,2011-09-09,,91 days
43337,1101043,11央行票据43,2011年第四十三期中央银行票据,301006,终止上市,中国人民银行,,705007,银行间债券市场,人民币,701005,贴现,,,,100.0,3,703019,央行票据,704001,记账式,2011-06-17,2011-09-13,2011-06-17,2011-09-16,,2011-09-16,,91 days
43408,1101046,11央行票据46,2011年第四十六期中央银行票据,301006,终止上市,中国人民银行,,705007,银行间债券市场,人民币,701005,贴现,,,,100.0,3,703019,央行票据,704001,记账式,2011-07-01,2011-09-27,2011-07-01,2011-09-30,,2011-09-30,,91 days
43440,1101049,11央行票据49,2011年第四十九期中央银行票据,301006,终止上市,中国人民银行,,705007,银行间债券市场,人民币,701005,贴现,,,,100.0,3,703019,央行票据,704001,记账式,2011-07-08,2011-09-28,2011-07-08,2011-10-07,,2011-10-07,,91 days
43482,1101051,11央行票据51,2011年第五十一期中央银行票据,301006,终止上市,中国人民银行,,705007,银行间债券市场,人民币,701005,贴现,,,,100.0,3,703019,央行票据,704001,记账式,2011-07-15,2011-10-11,2011-07-15,2011-10-14,,2011-10-14,,91 days
43509,1101054,11央行票据54,2011年第五十四期中央银行票据,301006,终止上市,中国人民银行,,705007,银行间债券市场,人民币,701005,贴现,,,,100.0,3,703019,央行票据,704001,记账式,2011-07-22,2011-10-18,2011-07-22,2011-10-21,,2011-10-21,,91 days
43534,1101056,11央行票据56,2011年第五十六期中央银行票据,301006,终止上市,中国人民银行,,705007,银行间债券市场,人民币,701005,贴现,,,,100.0,3,703019,央行票据,704001,记账式,2011-07-29,2011-10-25,2011-07-29,2011-10-28,,2011-10-28,,91 days
43556,1101058,11央行票据58,2011年第五十八期中央银行票据,301006,终止上市,中国人民银行,,705007,银行间债券市场,人民币,701005,贴现,,,,100.0,3,703019,央行票据,704001,记账式,2011-08-05,2011-11-01,2011-08-05,2011-11-04,,2011-11-04,,91 days
43580,1101060,11央行票据60,2011年第六十期中央银行票据,301006,终止上市,中国人民银行,,705007,银行间债券市场,人民币,701005,贴现,,,,100.0,3,703019,央行票据,704001,记账式,2011-08-12,2011-11-08,2011-08-12,2011-11-11,,2011-11-11,,91 days
43602,1101062,11央行票据62,2011年第六十二期中央银行票据,301006,终止上市,中国人民银行,,705007,银行间债券市场,人民币,701005,贴现,,,,100.0,3,703019,央行票据,704001,记账式,2011-08-19,2011-11-15,2011-08-19,2011-11-18,,2011-11-18,,91 days
43629,1101065,11央行票据65,2011年第六十五期中央银行票据,301006,终止上市,中国人民银行,,705007,银行间债券市场,人民币,701005,贴现,,,,100.0,3,703019,央行票据,704001,记账式,2011-08-26,2011-11-22,2011-08-26,2011-11-25,,2011-11-25,,91 days
43683,1101067,11央行票据67,2011年第六十七期中央银行票据,301006,终止上市,中国人民银行,,705007,银行间债券市场,人民币,701005,贴现,,,,100.0,3,703019,央行票据,704001,记账式,2011-09-02,2011-11-29,2011-09-02,2011-12-02,,2011-12-02,,91 days
43704,1101069,11央行票据69,2011年第六十九期中央银行票据,301006,终止上市,中国人民银行,,705007,银行间债券市场,人民币,701005,贴现,,,,100.0,3,703019,央行票据,704001,记账式,2011-09-09,2011-12-06,2011-09-09,2011-12-09,,2011-12-09,,91 days
43725,1101071,11央行票据71,2011年第七十一期中央银行票据,301006,终止上市,中国人民银行,,705007,银行间债券市场,人民币,701005,贴现,,,,100.0,3,703019,央行票据,704001,记账式,2011-09-16,2011-12-13,2011-09-16,2011-12-16,,2011-12-16,,91 days
43757,1101073,11央行票据73,2011年第七十三期中央银行票据,301006,终止上市,中国人民银行,,705007,银行间债券市场,人民币,701005,贴现,,,,100.0,3,703019,央行票据,704001,记账式,2011-09-23,2011-12-20,2011-09-23,2011-12-23,,2011-12-23,,91 days
43777,1101075,11央行票据75,2011年第七十五期中央银行票据,301006,终止上市,中国人民银行,,705007,银行间债券市场,人民币,701005,贴现,,,,100.0,3,703019,央行票据,704001,记账式,2011-09-30,2011-12-30,2011-09-30,2011-12-30,,2011-12-30,,91 days
43800,1101077,11央行票据77,2011年第七十七期中央银行票据,301006,终止上市,中国人民银行,,705007,银行间债券市场,人民币,701005,贴现,,,,100.0,3,703019,央行票据,704001,记账式,2011-10-14,2012-01-10,2011-10-14,2012-01-13,,2012-01-13,,91 days
43843,1101080,11央行票据80,2011年第八十期中央银行票据,301006,终止上市,中国人民银行,,705007,银行间债券市场,人民币,701005,贴现,,,,100.0,3,703019,央行票据,704001,记账式,2011-10-21,2012-01-17,2011-10-21,2012-01-20,,2012-01-20,,91 days
43898,1101083,11央行票据83,2011年第八十三期中央银行票据,301006,终止上市,中国人民银行,,705007,银行间债券市场,人民币,701005,贴现,,,,100.0,3,703019,央行票据,704001,记账式,2011-10-28,2012-01-24,2011-10-28,2012-01-27,,2012-01-27,,91 days
43969,1101085,11央行票据85,2011年第八十五期中央银行票据,301006,终止上市,中国人民银行,,705007,银行间债券市场,人民币,701005,贴现,,,,100.0,3,703019,央行票据,704001,记账式,2011-11-04,2012-01-31,2011-11-04,2012-02-03,,2012-02-03,,91 days
44024,1101087,11央行票据87,2011年第八十七期中央银行票据,301006,终止上市,中国人民银行,,705007,银行间债券市场,人民币,701005,贴现,,,,100.0,3,703019,央行票据,704001,记账式,2011-11-11,2012-02-07,2011-11-11,2012-02-10,,2012-02-10,,91 days
44091,1101089,11央行票据89,2011年第八十九期中央银行票据,301006,终止上市,中国人民银行,,705007,银行间债券市场,人民币,701005,贴现,,,,100.0,3,703019,央行票据,704001,记账式,2011-11-18,2012-02-14,2011-11-18,2012-02-17,,2012-02-17,,91 days
44156,1101091,11央行票据91,2011年第九十一期中央银行票据,301006,终止上市,中国人民银行,,705007,银行间债券市场,人民币,701005,贴现,,,,100.0,3,703019,央行票据,704001,记账式,2011-11-25,2012-02-21,2011-11-25,2012-02-24,,2012-02-24,,91 days
44189,1101093,11央行票据93,2011年第九十三期中央银行票据,301006,终止上市,中国人民银行,,705007,银行间债券市场,人民币,701005,贴现,,,,100.0,3,703019,央行票据,704001,记账式,2011-12-02,2012-02-28,2011-12-02,2012-03-02,,2012-03-02,,91 days
44242,1101095,11央行票据95,2011年第九十五期中央银行票据,301006,终止上市,中国人民银行,,705007,银行间债券市场,人民币,701005,贴现,,,,100.0,3,703019,央行票据,704001,记账式,2011-12-09,2012-03-06,2011-12-09,2012-03-09,,2012-03-09,,91 days
44283,1101097,11央行票据97,2011年第九十七期中央银行票据,301006,终止上市,中国人民银行,,705007,银行间债券市场,人民币,701005,贴现,,,,100.0,3,703019,央行票据,704001,记账式,2011-12-16,2012-03-13,2011-12-16,2012-03-16,,2012-03-16,,91 days
44325,1101099,11央行票据99,2011年第九十九期中央银行票据,301006,终止上市,中国人民银行,,705007,银行间债券市场,人民币,701005,贴现,,,,100.0,3,703019,央行票据,704001,记账式,2011-12-23,2012-03-20,2011-12-23,2012-03-23,,2012-03-23,,91 days
48801,1301001,13央行票据01,2013年第一期中央银行票据,301006,终止上市,中国人民银行,,705007,银行间债券市场,人民币,701005,贴现,,,,100.0,3,703019,央行票据,704001,记账式,2013-05-10,2013-08-06,2013-05-10,2013-08-09,,2013-08-09,,91 days
48857,1301002,13央行票据02,2013年第二期中央银行票据,301006,终止上市,中国人民银行,,705007,银行间债券市场,人民币,701005,贴现,,,,100.0,3,703019,央行票据,704001,记账式,2013-05-15,2013-08-09,2013-05-15,2013-08-14,,2013-08-14,,91 days
48913,1301003,13央行票据03,2013年第三期中央银行票据,301006,终止上市,中国人民银行,,705007,银行间债券市场,人民币,701005,贴现,,,,100.0,3,703019,央行票据,704001,记账式,2013-05-17,2013-08-13,2013-05-17,2013-08-16,,2013-08-16,,91 days
48953,1301004,13央行票据04,2013年第四期中央银行票据,301006,终止上市,中国人民银行,,705007,银行间债券市场,人民币,701005,贴现,,,,100.0,3,703019,央行票据,704001,记账式,2013-05-22,2013-08-16,2013-05-22,2013-08-21,,2013-08-21,,91 days
48987,1301005,13央行票据05,2013年第五期中央银行票据,301006,终止上市,中国人民银行,,705007,银行间债券市场,人民币,701005,贴现,,,,100.0,3,703019,央行票据,704001,记账式,2013-05-24,2013-08-20,2013-05-24,2013-08-23,,2013-08-23,,91 days
49010,1301006,13央行票据06,2013年第六期中央银行票据,301006,终止上市,中国人民银行,,705007,银行间债券市场,人民币,701005,贴现,,,,100.0,3,703019,央行票据,704001,记账式,2013-05-29,2013-08-23,2013-05-29,2013-08-28,,2013-08-28,,91 days
49029,1301007,13央行票据07,2013年第七期中央银行票据,301006,终止上市,中国人民银行,,705007,银行间债券市场,人民币,701005,贴现,,,,100.0,3,703019,央行票据,704001,记账式,2013-05-31,2013-08-27,2013-05-31,2013-08-30,,2013-08-30,,91 days
49065,1301008,13央行票据08,2013年第八期中央银行票据,301006,终止上市,中国人民银行,,705007,银行间债券市场,人民币,701005,贴现,,,,100.0,3,703019,央行票据,704001,记账式,2013-06-05,2013-08-30,2013-06-05,2013-09-04,,2013-09-04,,91 days
49088,1301009,13央行票据09,2013年第九期中央银行票据,301006,终止上市,中国人民银行,,705007,银行间债券市场,人民币,701005,贴现,,,,100.0,3,703019,央行票据,704001,记账式,2013-06-07,2013-09-03,2013-06-07,2013-09-06,,2013-09-06,,91 days
49162,1301010,13央行票据10,2013年第十期中央银行票据,301006,终止上市,中国人民银行,,705007,银行间债券市场,人民币,701005,贴现,,,,100.0,3,703019,央行票据,704001,记账式,2013-06-19,2013-09-13,2013-06-19,2013-09-18,,2013-09-18,,91 days
49180,1301011,13央行票据11,2013年第十一期中央银行票据,301006,终止上市,中国人民银行,,705007,银行间债券市场,人民币,701005,贴现,,,,100.0,3,703019,央行票据,704001,记账式,2013-06-21,2013-09-16,2013-06-21,2013-09-20,,2013-09-20,,91 days
69713,020111,02央行票据11,2002年第十一期央行票据,301006,终止上市,中国人民银行,,705007,银行间债券市场,人民币,701001,利随本清,,702001.0,到期一次付息,100.0,3,703019,央行票据,704001,记账式,2002-08-12,2002-10-27,2002-08-07,2002-11-06,,2002-11-06,,91 days
69714,020112,02央行票据12,2002年第十二期央行票据,301006,终止上市,中国人民银行,,705007,银行间债券市场,人民币,701001,利随本清,,702001.0,到期一次付息,100.0,3,703019,央行票据,704001,记账式,2002-09-09,2002-11-24,2002-09-04,2002-12-04,,2002-12-04,,91 days
69718,020116,02央行票据16,2002年第十六期央行票据,301006,终止上市,中国人民银行,,705007,银行间债券市场,人民币,701001,利随本清,,702001.0,到期一次付息,100.0,3,703019,央行票据,704001,记账式,2002-09-23,2002-12-08,2002-09-18,2002-12-18,,2002-12-18,,91 days
69720,020118,02央行票据18,2002年第十八期央行票据,301006,终止上市,中国人民银行,,705007,银行间债券市场,人民币,701001,利随本清,,702001.0,到期一次付息,100.0,3,703019,央行票据,704001,记账式,2002-09-30,2002-12-15,2002-09-25,2002-12-25,,2002-12-25,,91 days
97919,1901003S,19央行票据互换03,2019年第三期央行票据(互换),301006,终止上市,中国人民银行,,705007,银行间债券市场,人民币,701001,利随本清,,702001.0,到期一次付息,100.0,3,703019,央行票据,704001,记账式,2019-08-09,2019-11-07,2019-08-09,2019-11-08,,2019-11-08,,91 days
106959,1901004S,19央行票据互换04,2019年第四期央行票据(互换),301006,终止上市,中国人民银行,,705007,银行间债券市场,人民币,701001,利随本清,,702001.0,到期一次付息,100.0,3,703019,央行票据,704001,记账式,2019-09-11,2019-12-10,2019-09-11,2019-12-11,,2019-12-11,,91 days
113999,1901005S,19央行票据互换05,2019年第五期央行票据(互换),301006,终止上市,中国人民银行,,705007,银行间债券市场,人民币,701001,利随本清,,702001.0,到期一次付息,100.0,3,703019,央行票据,704001,记账式,2019-10-17,2020-01-16,2019-10-17,2020-01-17,,2020-01-17,,92 days
151399,1901006S,19央票06换,2019年第六期央行票据(互换),301006,终止上市,中国人民银行,,705007,银行间债券市场,人民币,701001,利随本清,,702001.0,到期一次付息,100.0,3,703019,央行票据,704001,记账式,2019-11-27,2020-02-26,2019-11-27,2020-02-27,,2020-02-27,,92 days
216840,1901007S,19央票07换,2019年第七期央行票据(互换),301006,终止上市,中国人民银行,,705007,银行间债券市场,人民币,701001,利随本清,,702001.0,到期一次付息,100.0,3,703019,央行票据,704001,记账式,2019-12-24,2020-03-23,2019-12-24,2020-03-24,,2020-03-24,,91 days
272918,2001001S,20央票01换,2020年第一期央行票据(互换),301006,终止上市,中国人民银行,,705007,银行间债券市场,人民币,701001,利随本清,,702001.0,到期一次付息,100.0,3,703019,央行票据,704001,记账式,2020-01-20,2020-04-17,2020-01-20,2020-04-20,,2020-04-20,,91 days
341962,2001002S,20央票02换,2020年第二期央行票据(互换),301006,终止上市,中国人民银行,,705007,银行间债券市场,人民币,701001,利随本清,,702001.0,到期一次付息,100.0,3,703019,央行票据,704001,记账式,2020-02-28,2020-05-27,2020-02-28,2020-05-28,,2020-05-28,,90 days
398996,2001003S,20央票03换,2020年第三期央行票据(互换),301006,终止上市,中国人民银行,,705007,银行间债券市场,人民币,701001,利随本清,,702001.0,到期一次付息,100.0,3,703019,央行票据,704001,记账式,2020-03-25,2020-06-24,2020-03-25,2020-06-25,,2020-06-25,,92 days
461465,2001004S,20央票04换,2020年第四期央行票据(互换),301006,终止上市,中国人民银行,,705007,银行间债券市场,人民币,701001,利随本清,,702001.0,到期一次付息,100.0,3,703019,央行票据,704001,记账式,2020-04-21,2020-07-20,2020-04-21,2020-07-21,,2020-07-21,,91 days
506183,2001005S,20央票05换,2020年第五期央行票据(互换),301006,终止上市,中国人民银行,,705007,银行间债券市场,人民币,701001,利随本清,,702001.0,到期一次付息,100.0,3,703019,央行票据,704001,记账式,2020-05-26,2020-08-25,2020-05-26,2020-08-26,,2020-08-26,,92 days
541799,2001006S,20央票06换,2020年第六期央行票据(互换),301006,终止上市,中国人民银行,,705007,银行间债券市场,人民币,701001,利随本清,,702001.0,到期一次付息,100.0,3,703019,央行票据,704001,记账式,2020-06-29,2020-09-28,2020-06-29,2020-09-29,,2020-09-29,,92 days
568066,2001007S,20央票07换,2020年第七期央行票据(互换),301006,终止上市,中国人民银行,,705007,银行间债券市场,人民币,701001,利随本清,,702001.0,到期一次付息,100.0,3,703019,央行票据,704001,记账式,2020-07-30,2020-10-29,2020-07-30,2020-10-30,,2020-10-30,,92 days
654706,2001008S,20央票08换,2020年第八期央行票据(互换),301006,终止上市,中国人民银行,,705007,银行间债券市场,人民币,701001,利随本清,,702001.0,到期一次付息,100.0,3,703019,央行票据,704001,记账式,2020-08-27,2020-11-26,2020-08-27,2020-11-27,,2020-11-27,,92 days
723816,2001009S,20央票09换,2020年第九期央行票据(互换),301006,终止上市,中国人民银行,,705007,银行间债券市场,人民币,701001,利随本清,,702001.0,到期一次付息,100.0,3,703019,央行票据,704001,记账式,2020-09-28,2020-12-25,2020-09-28,2020-12-28,,2020-12-28,,91 days
768862,2001010S,20央票10换,2020年第十期央行票据(互换),301006,终止上市,中国人民银行,,705007,银行间债券市场,人民币,701001,利随本清,,702001.0,到期一次付息,100.0,3,703019,央行票据,704001,记账式,2020-10-28,2021-01-27,2020-10-28,2021-01-28,,2021-01-28,,92 days
837814,2001011S,20央票11换,2020年第十一期央行票据(互换),301006,终止上市,中国人民银行,,705007,银行间债券市场,人民币,701001,利随本清,,702001.0,到期一次付息,100.0,3,703019,央行票据,704001,记账式,2020-11-27,2021-02-26,2020-11-27,2021-02-27,,2021-02-27,,92 days
892206,2001012S,20央票12换,2020年第十二期央行票据(互换),301006,终止上市,中国人民银行,,705007,银行间债券市场,人民币,701001,利随本清,,702001.0,到期一次付息,100.0,3,703019,央行票据,704001,记账式,2020-12-24,2021-03-23,2020-12-24,2021-03-24,,2021-03-24,,90 days
1013212,2101001S,21央票01换,2021年第一期央行票据(互换),301006,终止上市,中国人民银行,,705007,银行间债券市场,人民币,701001,利随本清,,702001.0,到期一次付息,100.0,3,703019,央行票据,704001,记账式,2021-01-29,2021-04-28,2021-01-29,2021-04-29,,2021-04-29,,90 days
1101110,2101002S,21央票02换,2021年第二期央行票据(互换),301006,终止上市,中国人民银行,,705007,银行间债券市场,人民币,701001,利随本清,,702001.0,到期一次付息,100.0,3,703019,央行票据,704001,记账式,2021-02-25,2021-05-24,2021-02-25,2021-05-25,,2021-05-25,,89 days
1107711,2101003S,21央票03换,2021年第三期央行票据(互换),301006,终止上市,中国人民银行,,705007,银行间债券市场,人民币,701001,利随本清,,702001.0,到期一次付息,100.0,3,703019,央行票据,704001,记账式,2021-03-26,2021-06-25,2021-03-26,2021-06-26,,2021-06-26,,92 days
1120768,2101004S,21央票04换,2021年第四期央行票据(互换),301006,终止上市,中国人民银行,,705007,银行间债券市场,人民币,701001,利随本清,,702001.0,到期一次付息,100.0,3,703019,央行票据,704001,记账式,2021-04-29,2021-07-28,2021-04-29,2021-07-29,,2021-07-29,,91 days
1132013,2101005S,21央票05换,2021年第五期央行票据(互换),301006,终止上市,中国人民银行,,705007,银行间债券市场,人民币,701001,利随本清,,702001.0,到期一次付息,100.0,3,703019,央行票据,704001,记账式,2021-05-27,2021-08-26,2021-05-27,2021-08-27,,2021-08-27,,92 days
1173744,2101006S,21央票06换,2021年第六期央行票据(互换),301006,终止上市,中国人民银行,,705007,银行间债券市场,人民币,701001,利随本清,,702001.0,到期一次付息,100.0,3,703019,央行票据,704001,记账式,2021-06-25,2021-09-24,2021-06-25,2021-09-25,,2021-09-25,,92 days
1203502,2101007S,21央票07换,2021年第七期央行票据(互换),301006,终止上市,中国人民银行,,705007,银行间债券市场,人民币,701001,利随本清,,702001.0,到期一次付息,100.0,3,703019,央行票据,704001,记账式,2021-07-29,2021-10-28,2021-07-29,2021-10-29,,2021-10-29,,92 days
1213652,2101008S,21央票08换,2021年第八期央行票据(互换),301099,其他,中国人民银行,,705007,银行间债券市场,人民币,701001,利随本清,,702001.0,到期一次付息,100.0,3,703019,央行票据,704001,记账式,,,2021-08-31,2021-11-30,,2021-11-30,,91 days
1224308,2101009S,21央票09换,2021年第九期央行票据(互换),301099,其他,中国人民银行,,705007,银行间债券市场,人民币,701001,利随本清,,702001.0,到期一次付息,100.0,3,703019,央行票据,704001,记账式,,,2021-09-29,2021-12-29,,2021-12-29,,91 days
1236212,2101010S,21央票10换,2021年第十期央行票据(互换),301099,其他,中国人民银行,,705007,银行间债券市场,人民币,701001,利随本清,,702001.0,到期一次付息,100.0,3,703019,央行票据,704001,记账式,,,2021-10-29,2022-01-29,,2022-01-29,,92 days
1249919,2101011S,21央票11换,2021年第十一期央行票据(互换),301099,其他,中国人民银行,,705007,银行间债券市场,人民币,701001,利随本清,,702001.0,到期一次付息,100.0,3,703019,央行票据,704001,记账式,,,2021-11-30,2022-02-28,,2022-02-28,,90 days
1258191,2101012S,21央票12换,2021年第十二期央行票据(互换),301099,其他,中国人民银行,,705007,银行间债券市场,人民币,701001,利随本清,,702001.0,到期一次付息,100.0,3,703019,央行票据,704001,记账式,,,2021-12-29,2022-03-29,,2022-03-29,,90 days
